id,first_name,last_name,position,id_team,abbreviation,city,conference,division,full_name,name
14,Ike,Anigbogu,C,12,IND,Indiana,East,Central,Indiana Pacers,Pacers
25,Ron,Baker,G,20,NYK,New York,East,Atlantic,New York Knicks,Knicks
47,Jabari,Bird,G,2,BOS,Boston,East,Atlantic,Boston Celtics,Celtics
67,MarShon,Brooks,G,15,MEM,Memphis,West,Southwest,Memphis Grizzlies,Grizzlies
71,Lorenzo,Brown,G,28,TOR,Toronto,East,Atlantic,Toronto Raptors,Raptors
90,Omri,Casspi,F,15,MEM,Memphis,West,Southwest,Memphis Grizzlies,Grizzlies
1,Alex,Abrines,G,21,OKC,Oklahoma City,West,Northwest,Oklahoma City Thunder,Thunder
119,Tyler,Davis,C,21,OKC,Oklahoma City,West,Northwest,Oklahoma City Thunder,Thunder
149,Keenan,Evans,G,9,DET,Detroit,East,Central,Detroit Pistons,Pistons
179,Marcin,Gortat,C,13,LAC,LA,West,Pacific,LA Clippers,Clippers
1593,Andrew,Bogut,F,10,GSW,Golden State,West,Pacific,Golden State Warriors,Warriors
241,Amir,Johnson,C-F,23,PHI,Philadelphia,East,Atlantic,Philadelphia 76ers,76ers
392,Malachi,Richardson,G,29,UTA,Utah,West,Northwest,Utah Jazz,Jazz
281,Zach,Lofton,G,9,DET,Detroit,East,Central,Detroit Pistons,Pistons
263,Kosta,Koufos,C,26,SAC,Sacramento,West,Pacific,Sacramento Kings,Kings
382,Billy,Preston,F,6,CLE,Cleveland,East,Central,Cleveland Cavaliers,Cavaliers
384,Zhou,Qi,F-C,11,HOU,Houston,West,Southwest,Houston Rockets,Rockets
388,Zach,Randolph,F,26,SAC,Sacramento,West,Pacific,Sacramento Kings,Kings
430,DJ,Stephens,G-F,15,MEM,Memphis,West,Southwest,Memphis Grizzlies,Grizzlies
437,Milos,Teodosic,G,13,LAC,LA,West,Pacific,LA Clippers,Clippers
448,Gary,Trent Jr.,G,25,POR,Portland,West,Northwest,Portland Trail Blazers,Trail Blazers
494,Michael,Smith,Unknown,2,BOS,Boston,East,Atlantic,Boston Celtics,Celtics
495,John,Morton,Unknown,6,CLE,Cleveland,East,Central,Cleveland Cavaliers,Cavaliers
496,Howard,Wright,Unknown,1,ATL,Atlanta,East,Southeast,Atlanta Hawks,Hawks
497,Michael,Ansley,Unknown,22,ORL,Orlando,East,Southeast,Orlando Magic,Magic
498,John,Salley,Unknown,9,DET,Detroit,East,Central,Detroit Pistons,Pistons
499,Dan,Schayes,Unknown,17,MIL,Milwaukee,East,Central,Milwaukee Bucks,Bucks
500,Mark,Eaton,Unknown,29,UTA,Utah,West,Northwest,Utah Jazz,Jazz
501,Kevin,Johnson,Unknown,24,PHX,Phoenix,West,Pacific,Phoenix Suns,Suns
502,Danny,Ainge,Unknown,25,POR,Portland,West,Northwest,Portland Trail Blazers,Trail Blazers
503,Kenny,Smith,Unknown,11,HOU,Houston,West,Southwest,Houston Rockets,Rockets
504,Randy,Breuer,Unknown,18,MIN,Minnesota,West,Northwest,Minnesota Timberwolves,Timberwolves
505,Herb,Williams,Unknown,7,DAL,Dallas,West,Southwest,Dallas Mavericks,Mavericks
506,Joe,Wolf,Unknown,8,DEN,Denver,West,Northwest,Denver Nuggets,Nuggets
507,Steve,Johnson,Unknown,10,GSW,Golden State,West,Pacific,Golden State Warriors,Warriors
508,Glen,Rice,Unknown,16,MIA,Miami,East,Southeast,Miami Heat,Heat
509,Greg,Foster,Unknown,30,WAS,Washington,East,Southeast,Washington Wizards,Wizards
510,Larry,Nance,Unknown,6,CLE,Cleveland,East,Central,Cleveland Cavaliers,Cavaliers
511,Duane,Ferrell,Unknown,1,ATL,Atlanta,East,Southeast,Atlanta Hawks,Hawks
512,Nick,Anderson,Unknown,22,ORL,Orlando,East,Southeast,Orlando Magic,Magic
513,Joe,Dumars,Unknown,9,DET,Detroit,East,Central,Detroit Pistons,Pistons
514,Jay,Humphries,Unknown,17,MIL,Milwaukee,East,Central,Milwaukee Bucks,Bucks
515,Darrell,Griffith,Unknown,29,UTA,Utah,West,Northwest,Utah Jazz,Jazz
516,Dan,Majerle,Unknown,24,PHX,Phoenix,West,Pacific,Phoenix Suns,Suns
517,Tom,Chambers,Unknown,24,PHX,Phoenix,West,Pacific,Phoenix Suns,Suns
518,Alaa,Abdelnaby,Unknown,25,POR,Portland,West,Northwest,Portland Trail Blazers,Trail Blazers
519,Adrian,Caldwell,Unknown,11,HOU,Houston,West,Southwest,Houston Rockets,Rockets
520,Vernon,Maxwell,Unknown,11,HOU,Houston,West,Southwest,Houston Rockets,Rockets
521,Doug,West,Unknown,18,MIN,Minnesota,West,Northwest,Minnesota Timberwolves,Timberwolves
522,Tony,Campbell,Unknown,18,MIN,Minnesota,West,Northwest,Minnesota Timberwolves,Timberwolves
523,Roy,Tarpley,Unknown,7,DAL,Dallas,West,Southwest,Dallas Mavericks,Mavericks
524,Anthony,Cook,Unknown,8,DEN,Denver,West,Northwest,Denver Nuggets,Nuggets
525,Todd,Lichti,Unknown,8,DEN,Denver,West,Northwest,Denver Nuggets,Nuggets
526,Tom,Tolbert,Unknown,10,GSW,Golden State,West,Pacific,Golden State Warriors,Warriors
527,Billy,Thompson,Unknown,16,MIA,Miami,East,Southeast,Miami Heat,Heat
528,Byron,Irvin,Unknown,30,WAS,Washington,East,Southeast,Washington Wizards,Wizards
529,Mark,Price,Unknown,6,CLE,Cleveland,East,Central,Cleveland Cavaliers,Cavaliers
530,Dominique,Wilkins,Unknown,1,ATL,Atlanta,East,Southeast,Atlanta Hawks,Hawks
531,Dennis,Scott,Unknown,22,ORL,Orlando,East,Southeast,Orlando Magic,Magic
532,Terry,Catledge,Unknown,22,ORL,Orlando,East,Southeast,Orlando Magic,Magic
533,Bill,Laimbeer,Unknown,9,DET,Detroit,East,Central,Detroit Pistons,Pistons
534,William,Bedford,Unknown,9,DET,Detroit,East,Central,Detroit Pistons,Pistons
535,Ricky,Pierce,Unknown,17,MIL,Milwaukee,East,Central,Milwaukee Bucks,Bucks
536,Blue,Edwards,Unknown,29,UTA,Utah,West,Northwest,Utah Jazz,Jazz
537,Walter,Palmer,Unknown,29,UTA,Utah,West,Northwest,Utah Jazz,Jazz
538,Mark,West,Unknown,24,PHX,Phoenix,West,Pacific,Phoenix Suns,Suns
539,Clifford,Robinson,Unknown,25,POR,Portland,West,Northwest,Portland Trail Blazers,Trail Blazers
540,Hakeem,Olajuwon,Unknown,11,HOU,Houston,West,Southwest,Houston Rockets,Rockets
541,Richard,Coffey,Unknown,18,MIN,Minnesota,West,Northwest,Minnesota Timberwolves,Timberwolves
542,James,Donaldson,Unknown,7,DAL,Dallas,West,Southwest,Dallas Mavericks,Mavericks
543,Jerome,Lane,Unknown,8,DEN,Denver,West,Northwest,Denver Nuggets,Nuggets
544,Sarunas,Marciulionis,Unknown,10,GSW,Golden State,West,Pacific,Golden State Warriors,Warriors
545,Grant,Long,Unknown,16,MIA,Miami,East,Southeast,Miami Heat,Heat
546,Willie,Burton,Unknown,16,MIA,Miami,East,Southeast,Miami Heat,Heat
547,Mark,Alarie,Unknown,30,WAS,Washington,East,Southeast,Washington Wizards,Wizards
548,Winston,Bennett,Unknown,6,CLE,Cleveland,East,Central,Cleveland Cavaliers,Cavaliers
549,Doc,Rivers,Unknown,1,ATL,Atlanta,East,Southeast,Atlanta Hawks,Hawks
550,Tim,McCormick,Unknown,1,ATL,Atlanta,East,Southeast,Atlanta Hawks,Hawks
551,Scott,Skiles,Unknown,22,ORL,Orlando,East,Southeast,Orlando Magic,Magic
552,Dennis,Rodman,Unknown,9,DET,Detroit,East,Central,Detroit Pistons,Pistons
553,Greg,Anderson,Unknown,17,MIL,Milwaukee,East,Central,Milwaukee Bucks,Bucks
554,Jeff,Malone,Unknown,29,UTA,Utah,West,Northwest,Utah Jazz,Jazz
555,Cedric,Ceballos,Unknown,24,PHX,Phoenix,West,Pacific,Phoenix Suns,Suns
556,Tim,Perry,Unknown,24,PHX,Phoenix,West,Pacific,Phoenix Suns,Suns
557,Buck,Williams,Unknown,25,POR,Portland,West,Northwest,Portland Trail Blazers,Trail Blazers
558,Dave,Jamerson,Unknown,11,HOU,Houston,West,Southwest,Houston Rockets,Rockets
559,Scott,Brooks,Unknown,18,MIN,Minnesota,West,Northwest,Minnesota Timberwolves,Timberwolves
560,Rolando,Blackman,Unknown,7,DAL,Dallas,West,Southwest,Dallas Mavericks,Mavericks
561,Avery,Johnson,Unknown,8,DEN,Denver,West,Northwest,Denver Nuggets,Nuggets
562,Rod,Higgins,Unknown,10,GSW,Golden State,West,Pacific,Golden State Warriors,Warriors
563,Jon,Sundvold,Unknown,16,MIA,Miami,East,Southeast,Miami Heat,Heat
564,A.J.,English,Unknown,30,WAS,Washington,East,Southeast,Washington Wizards,Wizards
565,John,Battle,Unknown,1,ATL,Atlanta,East,Southeast,Atlanta Hawks,Hawks
566,Sam,Vincent,Unknown,22,ORL,Orlando,East,Southeast,Orlando Magic,Magic
567,Isiah,Thomas,Unknown,9,DET,Detroit,East,Central,Detroit Pistons,Pistons
568,Brad,Lohaus,Unknown,17,MIL,Milwaukee,East,Central,Milwaukee Bucks,Bucks
569,Mike,Brown,Unknown,29,UTA,Utah,West,Northwest,Utah Jazz,Jazz
570,Kenny,Battle,Unknown,24,PHX,Phoenix,West,Pacific,Phoenix Suns,Suns
571,Danny,Young,Unknown,25,POR,Portland,West,Northwest,Portland Trail Blazers,Trail Blazers
572,Larry,Smith,Unknown,11,HOU,Houston,West,Southwest,Houston Rockets,Rockets
573,Pooh,Richardson,Unknown,18,MIN,Minnesota,West,Northwest,Minnesota Timberwolves,Timberwolves
574,Derek,Harper,Unknown,7,DAL,Dallas,West,Southwest,Dallas Mavericks,Mavericks
575,Michael,Adams,Unknown,8,DEN,Denver,West,Northwest,Denver Nuggets,Nuggets
576,Tim,Hardaway,Unknown,10,GSW,Golden State,West,Pacific,Golden State Warriors,Warriors
577,Bimbo,Coles,Unknown,16,MIA,Miami,East,Southeast,Miami Heat,Heat
578,Darrell,Walker,Unknown,30,WAS,Washington,East,Southeast,Washington Wizards,Wizards
579,Kevin,Willis,Unknown,1,ATL,Atlanta,East,Southeast,Atlanta Hawks,Hawks
580,Otis,Smith,Unknown,22,ORL,Orlando,East,Southeast,Orlando Magic,Magic
581,James,Edwards,Unknown,9,DET,Detroit,East,Central,Detroit Pistons,Pistons
582,Frank,Brickowski,Unknown,17,MIL,Milwaukee,East,Central,Milwaukee Bucks,Bucks
583,Karl,Malone,Unknown,29,UTA,Utah,West,Northwest,Utah Jazz,Jazz
584,Ian,Lockhart,Unknown,24,PHX,Phoenix,West,Pacific,Phoenix Suns,Suns
585,Kevin,Duckworth,Unknown,25,POR,Portland,West,Northwest,Portland Trail Blazers,Trail Blazers
586,Otis,Thorpe,Unknown,11,HOU,Houston,West,Southwest,Houston Rockets,Rockets
587,Gerald,Glass,Unknown,18,MIN,Minnesota,West,Northwest,Minnesota Timberwolves,Timberwolves
588,Alex,English,Unknown,7,DAL,Dallas,West,Southwest,Dallas Mavericks,Mavericks
589,T.R.,Dunn,Unknown,8,DEN,Denver,West,Northwest,Denver Nuggets,Nuggets
590,Alton,Lister,Unknown,10,GSW,Golden State,West,Pacific,Golden State Warriors,Warriors
591,Sherman,Douglas,Unknown,16,MIA,Miami,East,Southeast,Miami Heat,Heat
592,Charles,Jones,Unknown,30,WAS,Washington,East,Southeast,Washington Wizards,Wizards
593,Moses,Malone,Unknown,1,ATL,Atlanta,East,Southeast,Atlanta Hawks,Hawks
594,Mark,Acres,Unknown,22,ORL,Orlando,East,Southeast,Orlando Magic,Magic
595,Lance,Blanks,Unknown,9,DET,Detroit,East,Central,Detroit Pistons,Pistons
596,Jeff,Grayer,Unknown,17,MIL,Milwaukee,East,Central,Milwaukee Bucks,Bucks
597,Chris,Munk,Unknown,29,UTA,Utah,West,Northwest,Utah Jazz,Jazz
598,Jeff,Hornacek,Unknown,24,PHX,Phoenix,West,Pacific,Phoenix Suns,Suns
599,Jerome,Kersey,Unknown,25,POR,Portland,West,Northwest,Portland Trail Blazers,Trail Blazers
600,Dave,Feitl,Unknown,11,HOU,Houston,West,Southwest,Houston Rockets,Rockets
601,Tod,Murphy,Unknown,18,MIN,Minnesota,West,Northwest,Minnesota Timberwolves,Timberwolves
602,Lafayette,Lever,Unknown,7,DAL,Dallas,West,Southwest,Dallas Mavericks,Mavericks
603,Corey,Gaines,Unknown,8,DEN,Denver,West,Northwest,Denver Nuggets,Nuggets
604,Mitch,Richmond,Unknown,10,GSW,Golden State,West,Pacific,Golden State Warriors,Warriors
605,Kevin,Edwards,Unknown,16,MIA,Miami,East,Southeast,Miami Heat,Heat
606,Haywoode,Workman,Unknown,30,WAS,Washington,East,Southeast,Washington Wizards,Wizards
607,Tom,Hammonds,Unknown,30,WAS,Washington,East,Southeast,Washington Wizards,Wizards
608,Rumeal,Robinson,Unknown,1,ATL,Atlanta,East,Southeast,Atlanta Hawks,Hawks
609,Greg,Kite,Unknown,22,ORL,Orlando,East,Southeast,Orlando Magic,Magic
610,Vinnie,Johnson,Unknown,9,DET,Detroit,East,Central,Detroit Pistons,Pistons
611,Jack,Sikma,Unknown,17,MIL,Milwaukee,East,Central,Milwaukee Bucks,Bucks
612,Delaney,Rudd,Unknown,29,UTA,Utah,West,Northwest,Utah Jazz,Jazz
613,Ed,Nealy,Unknown,24,PHX,Phoenix,West,Pacific,Phoenix Suns,Suns
614,Wayne,Cooper,Unknown,25,POR,Portland,West,Northwest,Portland Trail Blazers,Trail Blazers
615,Sleepy,Floyd,Unknown,11,HOU,Houston,West,Southwest,Houston Rockets,Rockets
616,Felton,Spencer,Unknown,18,MIN,Minnesota,West,Northwest,Minnesota Timberwolves,Timberwolves
617,Tyrone,Corbin,Unknown,18,MIN,Minnesota,West,Northwest,Minnesota Timberwolves,Timberwolves
618,Marcus,Liberty,Unknown,8,DEN,Denver,West,Northwest,Denver Nuggets,Nuggets
619,Walter,Davis,Unknown,8,DEN,Denver,West,Northwest,Denver Nuggets,Nuggets
620,Tyrone,Hill,Unknown,10,GSW,Golden State,West,Pacific,Golden State Warriors,Warriors
621,Alec,Kessler,Unknown,16,MIA,Miami,East,Southeast,Miami Heat,Heat
622,Terry,Davis,Unknown,16,MIA,Miami,East,Southeast,Miami Heat,Heat
623,Larry,Robinson,Unknown,30,WAS,Washington,East,Southeast,Washington Wizards,Wizards
624,Sidney,Moncrief,Unknown,1,ATL,Atlanta,East,Southeast,Atlanta Hawks,Hawks
625,Jeff,Turner,Unknown,22,ORL,Orlando,East,Southeast,Orlando Magic,Magic
626,Scott,Hastings,Unknown,9,DET,Detroit,East,Central,Detroit Pistons,Pistons
627,Alvin,Robertson,Unknown,17,MIL,Milwaukee,East,Central,Milwaukee Bucks,Bucks
628,Steve,Henson,Unknown,17,MIL,Milwaukee,East,Central,Milwaukee Bucks,Bucks
629,Andy,Toolson,Unknown,29,UTA,Utah,West,Northwest,Utah Jazz,Jazz
630,Thurl,Bailey,Unknown,29,UTA,Utah,West,Northwest,Utah Jazz,Jazz
631,Kurt,Rambis,Unknown,24,PHX,Phoenix,West,Pacific,Phoenix Suns,Suns
632,Clyde,Drexler,Unknown,25,POR,Portland,West,Northwest,Portland Trail Blazers,Trail Blazers
633,David,Wood,Unknown,11,HOU,Houston,West,Southwest,Houston Rockets,Rockets
634,Sam,Mitchell,Unknown,18,MIN,Minnesota,West,Northwest,Minnesota Timberwolves,Timberwolves
635,Rodney,McCray,Unknown,7,DAL,Dallas,West,Southwest,Dallas Mavericks,Mavericks
636,Blair,Rasmussen,Unknown,8,DEN,Denver,West,Northwest,Denver Nuggets,Nuggets
637,Kevin,Pritchard,Unknown,10,GSW,Golden State,West,Pacific,Golden State Warriors,Warriors
638,Milt,Wagner,Unknown,16,MIA,Miami,East,Southeast,Miami Heat,Heat
639,Bernard,King,Unknown,30,WAS,Washington,East,Southeast,Washington Wizards,Wizards
640,Roy,Hinson,Unknown,3,BKN,Brooklyn,East,Atlantic,Brooklyn Nets,Nets
641,Matt,Bullard,Unknown,11,HOU,Houston,West,Southwest,Houston Rockets,Rockets
642,Alan,Ogg,Unknown,16,MIA,Miami,East,Southeast,Miami Heat,Heat
643,Kevin,Lynch,Unknown,4,CHA,Charlotte,East,Southeast,Charlotte Hornets,Hornets
644,Larry,Krystkowiak,Unknown,17,MIL,Milwaukee,East,Central,Milwaukee Bucks,Bucks
645,Pete,Chilcutt,Unknown,26,SAC,Sacramento,West,Pacific,Sacramento Kings,Kings
646,Randy,Brown,Unknown,26,SAC,Sacramento,West,Pacific,Sacramento Kings,Kings
647,Elliot,Perry,Unknown,13,LAC,LA,West,Pacific,LA Clippers,Clippers
648,Jimmy,Oliver,Unknown,6,CLE,Cleveland,East,Central,Cleveland Cavaliers,Cavaliers
649,Terrell,Brandon,Unknown,6,CLE,Cleveland,East,Central,Cleveland Cavaliers,Cavaliers
650,Greg,Sutton,Unknown,27,SAS,San Antonio,West,Southwest,San Antonio Spurs,Spurs
651,Tom,Copa,Unknown,27,SAS,San Antonio,West,Southwest,San Antonio Spurs,Spurs
652,Donald,Hodge,Unknown,7,DAL,Dallas,West,Southwest,Dallas Mavericks,Mavericks
653,Joao,Vianna,Unknown,7,DAL,Dallas,West,Southwest,Dallas Mavericks,Mavericks
654,Mike,Iuzzolino,Unknown,7,DAL,Dallas,West,Southwest,Dallas Mavericks,Mavericks
655,Greg,Anthony,Unknown,20,NYK,New York,East,Atlantic,New York Knicks,Knicks
656,Albert,King,Unknown,30,WAS,Washington,East,Southeast,Washington Wizards,Wizards
657,Tellis,Frank,Unknown,18,MIN,Minnesota,West,Northwest,Minnesota Timberwolves,Timberwolves
658,David,Benoit,Unknown,29,UTA,Utah,West,Northwest,Utah Jazz,Jazz
659,Demetrius,Calip,Unknown,14,LAL,Los Angeles,West,Pacific,Los Angeles Lakers,Lakers
660,Dikembe,Mutombo,Unknown,8,DEN,Denver,West,Northwest,Denver Nuggets,Nuggets
661,Mark,Macon,Unknown,8,DEN,Denver,West,Northwest,Denver Nuggets,Nuggets
662,Chris,Gatling,Unknown,10,GSW,Golden State,West,Pacific,Golden State Warriors,Warriors
663,Victor,Alexander,Unknown,10,GSW,Golden State,West,Pacific,Golden State Warriors,Warriors
664,Mark,Randall,Unknown,5,CHI,Chicago,East,Central,Chicago Bulls,Bulls
665,Mitchell,Wiggins,Unknown,23,PHI,Philadelphia,East,Atlantic,Philadelphia 76ers,76ers
666,Tharon,Mayes,Unknown,23,PHI,Philadelphia,East,Atlantic,Philadelphia 76ers,76ers
667,Charles,Thomas,Unknown,9,DET,Detroit,East,Central,Detroit Pistons,Pistons
668,Robert,Pack,Unknown,25,POR,Portland,West,Northwest,Portland Trail Blazers,Trail Blazers
669,John,Bagley,Unknown,2,BOS,Boston,East,Atlantic,Boston Celtics,Celtics
670,Rick,Fox,Unknown,2,BOS,Boston,East,Atlantic,Boston Celtics,Celtics
671,Larry,Johnson,Unknown,4,CHA,Charlotte,East,Southeast,Charlotte Hornets,Hornets
672,Alexander,Volkov,Unknown,1,ATL,Atlanta,East,Southeast,Atlanta Hawks,Hawks
673,Stacey,Augmon,Unknown,1,ATL,Atlanta,East,Southeast,Atlanta Hawks,Hawks
674,Carl,Thomas,Unknown,26,SAC,Sacramento,West,Pacific,Sacramento Kings,Kings
675,Steven,Smith,Unknown,16,MIA,Miami,East,Southeast,Miami Heat,Heat
676,Stanley,Roberts,Unknown,22,ORL,Orlando,East,Southeast,Orlando Magic,Magic
677,Doug,Lee,Unknown,3,BKN,Brooklyn,East,Atlantic,Brooklyn Nets,Nets
678,Rafael,Addison,Unknown,3,BKN,Brooklyn,East,Atlantic,Brooklyn Nets,Nets
679,Sean,Green,Unknown,12,IND,Indiana,East,Central,Indiana Pacers,Pacers
680,Corey,Crowder,Unknown,29,UTA,Utah,West,Northwest,Utah Jazz,Jazz
681,Eric,Murdock,Unknown,29,UTA,Utah,West,Northwest,Utah Jazz,Jazz
682,Kevin,Brooks,Unknown,8,DEN,Denver,West,Northwest,Denver Nuggets,Nuggets
683,Carlton,McKinney,Unknown,20,NYK,New York,East,Atlantic,New York Knicks,Knicks
684,Billy,Owens,Unknown,10,GSW,Golden State,West,Pacific,Golden State Warriors,Warriors
685,Doug,Smith,Unknown,7,DAL,Dallas,West,Southwest,Dallas Mavericks,Mavericks
686,Marty,Conlon,Unknown,21,OKC,Oklahoma City,West,Northwest,Oklahoma City Thunder,Thunder
687,Rich,King,Unknown,21,OKC,Oklahoma City,West,Northwest,Oklahoma City Thunder,Thunder
688,Brad,Sellers,Unknown,9,DET,Detroit,East,Central,Detroit Pistons,Pistons
689,Rodney,Monroe,Unknown,1,ATL,Atlanta,East,Southeast,Atlanta Hawks,Hawks
690,Lanard,Copeland,Unknown,13,LAC,LA,West,Pacific,LA Clippers,Clippers
691,LeRon,Ellis,Unknown,13,LAC,LA,West,Pacific,LA Clippers,Clippers
692,Larry,Stewart,Unknown,30,WAS,Washington,East,Southeast,Washington Wizards,Wizards
693,John,Turner,Unknown,11,HOU,Houston,West,Southwest,Houston Rockets,Rockets
694,Charles,Shackleford,Unknown,23,PHI,Philadelphia,East,Atlantic,Philadelphia 76ers,76ers
695,Keith,Owens,Unknown,14,LAL,Los Angeles,West,Pacific,Los Angeles Lakers,Lakers
696,Paul,Graham,Unknown,1,ATL,Atlanta,East,Southeast,Atlanta Hawks,Hawks
697,Kenny,Anderson,Unknown,3,BKN,Brooklyn,East,Atlantic,Brooklyn Nets,Nets
698,Carl,Herrera,Unknown,11,HOU,Houston,West,Southwest,Houston Rockets,Rockets
699,Myron,Brown,Unknown,18,MIN,Minnesota,West,Northwest,Minnesota Timberwolves,Timberwolves
700,Dale,Davis,Unknown,12,IND,Indiana,East,Central,Indiana Pacers,Pacers
701,Labradford,Smith,Unknown,30,WAS,Washington,East,Southeast,Washington Wizards,Wizards
702,Bison,Dele,Unknown,22,ORL,Orlando,East,Southeast,Orlando Magic,Magic
703,Chuck,Nevitt,Unknown,5,CHI,Chicago,East,Central,Chicago Bulls,Bulls
704,Patrick,Eddie,Unknown,20,NYK,New York,East,Atlantic,New York Knicks,Knicks
705,David,Rivers,Unknown,13,LAC,LA,West,Pacific,LA Clippers,Clippers
706,Luc,Longley,Unknown,18,MIN,Minnesota,West,Northwest,Minnesota Timberwolves,Timberwolves
707,Bob,McCann,Unknown,9,DET,Detroit,East,Central,Detroit Pistons,Pistons
708,Donald,Royal,Unknown,27,SAS,San Antonio,West,Southwest,San Antonio Spurs,Spurs
709,Anthony,Bowie,Unknown,22,ORL,Orlando,East,Southeast,Orlando Magic,Magic
710,Chris,Corchiani,Unknown,22,ORL,Orlando,East,Southeast,Orlando Magic,Magic
711,Stephen,Thompson,Unknown,22,ORL,Orlando,East,Southeast,Orlando Magic,Magic
712,Jeff,Ruland,Unknown,23,PHI,Philadelphia,East,Atlantic,Philadelphia 76ers,76ers
713,Ronnie,Grandison,Unknown,4,CHA,Charlotte,East,Southeast,Charlotte Hornets,Hornets
714,Lamont,Strothers,Unknown,25,POR,Portland,West,Northwest,Portland Trail Blazers,Trail Blazers
715,Tracy,Moore,Unknown,7,DAL,Dallas,West,Southwest,Dallas Mavericks,Mavericks
716,Jaren,Jackson,Unknown,10,GSW,Golden State,West,Pacific,Golden State Warriors,Warriors
717,Ennis,Whatley,Unknown,25,POR,Portland,West,Northwest,Portland Trail Blazers,Trail Blazers
718,Brian,Howard,Unknown,7,DAL,Dallas,West,Southwest,Dallas Mavericks,Mavericks
719,Steve,Burtt,Unknown,24,PHX,Phoenix,West,Pacific,Phoenix Suns,Suns
720,Cedric,Hunter,Unknown,4,CHA,Charlotte,East,Southeast,Charlotte Hornets,Hornets
721,Stephen,Bardo,Unknown,27,SAS,San Antonio,West,Southwest,San Antonio Spurs,Spurs
722,Cliff,T. Robinson,Unknown,14,LAL,Los Angeles,West,Pacific,Los Angeles Lakers,Lakers
723,Derek,Strong,Unknown,30,WAS,Washington,East,Southeast,Washington Wizards,Wizards
724,Bobby,Phills,Unknown,6,CLE,Cleveland,East,Central,Cleveland Cavaliers,Cavaliers
725,Anthony,Avent,Unknown,17,MIL,Milwaukee,East,Central,Milwaukee Bucks,Bucks
726,Lee,Mayberry,Unknown,17,MIL,Milwaukee,East,Central,Milwaukee Bucks,Bucks
727,Todd,Day,Unknown,17,MIL,Milwaukee,East,Central,Milwaukee Bucks,Bucks
728,Tony,Bennett,Unknown,4,CHA,Charlotte,East,Southeast,Charlotte Hornets,Hornets
729,Brent,Price,Unknown,30,WAS,Washington,East,Southeast,Washington Wizards,Wizards
730,Don,MacLean,Unknown,30,WAS,Washington,East,Southeast,Washington Wizards,Wizards
731,Tom,Gugliotta,Unknown,30,WAS,Washington,East,Southeast,Washington Wizards,Wizards
732,Walt,Williams,Unknown,26,SAC,Sacramento,West,Pacific,Sacramento Kings,Kings
733,Lloyd,Daniels,Unknown,27,SAS,San Antonio,West,Southwest,San Antonio Spurs,Spurs
734,Vinny,Del Negro,Unknown,27,SAS,San Antonio,West,Southwest,San Antonio Spurs,Spurs
735,Shaquille,O'Neal,Unknown,22,ORL,Orlando,East,Southeast,Orlando Magic,Magic
736,Adam,Keefe,Unknown,1,ATL,Atlanta,East,Southeast,Atlanta Hawks,Hawks
737,Clar.,Weatherspoon,Unknown,23,PHI,Philadelphia,East,Atlantic,Philadelphia 76ers,76ers
738,Robert,Horry,Unknown,11,HOU,Houston,West,Southwest,Houston Rockets,Rockets
739,Chris,Smith,Unknown,18,MIN,Minnesota,West,Northwest,Minnesota Timberwolves,Timberwolves
740,Christian,Laettner,Unknown,18,MIN,Minnesota,West,Northwest,Minnesota Timberwolves,Timberwolves
741,Gundars,Vetra,Unknown,18,MIN,Minnesota,West,Northwest,Minnesota Timberwolves,Timberwolves
742,Corey,Williams,Unknown,5,CHI,Chicago,East,Central,Chicago Bulls,Bulls
743,Elmore,Spencer,Unknown,13,LAC,LA,West,Pacific,LA Clippers,Clippers
744,Anthony,Peeler,Unknown,14,LAL,Los Angeles,West,Pacific,Los Angeles Lakers,Lakers
745,Duane,Cooper,Unknown,14,LAL,Los Angeles,West,Pacific,Los Angeles Lakers,Lakers
746,John,Crotty,Unknown,29,UTA,Utah,West,Northwest,Utah Jazz,Jazz
747,Stephen,Howard,Unknown,29,UTA,Utah,West,Northwest,Utah Jazz,Jazz
748,Byron,Houston,Unknown,10,GSW,Golden State,West,Pacific,Golden State Warriors,Warriors
749,Keith,Jennings,Unknown,10,GSW,Golden State,West,Pacific,Golden State Warriors,Warriors
750,Latrell,Sprewell,Unknown,10,GSW,Golden State,West,Pacific,Golden State Warriors,Warriors
751,Bryant,Stith,Unknown,8,DEN,Denver,West,Northwest,Denver Nuggets,Nuggets
752,LaPhonso,Ellis,Unknown,8,DEN,Denver,West,Northwest,Denver Nuggets,Nuggets
753,Matt,Othick,Unknown,27,SAS,San Antonio,West,Southwest,San Antonio Spurs,Spurs
754,Sam,Mack,Unknown,27,SAS,San Antonio,West,Southwest,San Antonio Spurs,Spurs
755,Anthony,Pullard,Unknown,17,MIL,Milwaukee,East,Central,Milwaukee Bucks,Bucks
756,Malik,Sealy,Unknown,12,IND,Indiana,East,Central,Indiana Pacers,Pacers
757,Hubert,Davis,Unknown,20,NYK,New York,East,Atlantic,New York Knicks,Knicks
758,Sean,Rooks,Unknown,7,DAL,Dallas,West,Southwest,Dallas Mavericks,Mavericks
759,Walter,Bond,Unknown,7,DAL,Dallas,West,Southwest,Dallas Mavericks,Mavericks
760,Harold,Miner,Unknown,16,MIA,Miami,East,Southeast,Miami Heat,Heat
761,Oliver,Miller,Unknown,24,PHX,Phoenix,West,Pacific,Phoenix Suns,Suns
762,Lorenzo,Williams,Unknown,4,CHA,Charlotte,East,Southeast,Charlotte Hornets,Hornets
763,Dave,Johnson,Unknown,25,POR,Portland,West,Northwest,Portland Trail Blazers,Trail Blazers
764,Reggie,Smith,Unknown,25,POR,Portland,West,Northwest,Portland Trail Blazers,Trail Blazers
765,Tracy,Murray,Unknown,25,POR,Portland,West,Northwest,Portland Trail Blazers,Trail Blazers
766,Robert,Werdann,Unknown,8,DEN,Denver,West,Northwest,Denver Nuggets,Nuggets
767,Alex,Stivrins,Unknown,24,PHX,Phoenix,West,Pacific,Phoenix Suns,Suns
768,Frank,Johnson,Unknown,24,PHX,Phoenix,West,Pacific,Phoenix Suns,Suns
769,Randy,Woods,Unknown,13,LAC,LA,West,Pacific,LA Clippers,Clippers
770,Litterial,Green,Unknown,22,ORL,Orlando,East,Southeast,Orlando Magic,Magic
771,Alonzo,Mourning,Unknown,4,CHA,Charlotte,East,Southeast,Charlotte Hornets,Hornets
772,Alex,Blackwell,Unknown,14,LAL,Los Angeles,West,Pacific,Los Angeles Lakers,Lakers
773,Isaiah,Morris,Unknown,9,DET,Detroit,East,Central,Detroit Pistons,Pistons
774,Doug,Overton,Unknown,30,WAS,Washington,East,Southeast,Washington Wizards,Wizards
775,Eric,Anderson,Unknown,20,NYK,New York,East,Atlantic,New York Knicks,Knicks
776,Tim,Kempton,Unknown,24,PHX,Phoenix,West,Pacific,Phoenix Suns,Suns
777,Stan,Kimbrough,Unknown,26,SAC,Sacramento,West,Pacific,Sacramento Kings,Kings
778,Jay,Guidinger,Unknown,6,CLE,Cleveland,East,Central,Cleveland Cavaliers,Cavaliers
779,Gary,Plummer,Unknown,8,DEN,Denver,West,Northwest,Denver Nuggets,Nuggets
780,Matt,Geiger,Unknown,16,MIA,Miami,East,Southeast,Miami Heat,Heat
781,Marcus,Webb,Unknown,2,BOS,Boston,East,Atlantic,Boston Celtics,Celtics
782,Jojo,English,Unknown,5,CHI,Chicago,East,Central,Chicago Bulls,Bulls
783,Marlon,Maxey,Unknown,18,MIN,Minnesota,West,Northwest,Minnesota Timberwolves,Timberwolves
784,Jon,Barry,Unknown,17,MIL,Milwaukee,East,Central,Milwaukee Bucks,Bucks
785,Richard,Dumas,Unknown,24,PHX,Phoenix,West,Pacific,Phoenix Suns,Suns
786,Radisav,Curcic,Unknown,7,DAL,Dallas,West,Southwest,Dallas Mavericks,Mavericks
787,Andre,Spencer,Unknown,1,ATL,Atlanta,East,Southeast,Atlanta Hawks,Hawks
788,Dexter,Cambridge,Unknown,7,DAL,Dallas,West,Southwest,Dallas Mavericks,Mavericks
789,Joe,Courtney,Unknown,5,CHI,Chicago,East,Central,Chicago Bulls,Bulls
790,Duane,Washington,Unknown,13,LAC,LA,West,Pacific,LA Clippers,Clippers
791,Melvin,Newbern,Unknown,9,DET,Detroit,East,Central,Detroit Pistons,Pistons
792,Ricky,Blanton,Unknown,5,CHI,Chicago,East,Central,Chicago Bulls,Bulls
793,Jim,Jackson,Unknown,7,DAL,Dallas,West,Southwest,Dallas Mavericks,Mavericks
794,Barry,Stevens,Unknown,10,GSW,Golden State,West,Pacific,Golden State Warriors,Warriors
795,Doug,Christie,Unknown,14,LAL,Los Angeles,West,Pacific,Los Angeles Lakers,Lakers
796,Pat,Durham,Unknown,10,GSW,Golden State,West,Pacific,Golden State Warriors,Warriors
797,Thomas,Jordan,Unknown,23,PHI,Philadelphia,East,Atlantic,Philadelphia 76ers,76ers
798,Gary,Alexander,Unknown,16,MIA,Miami,East,Southeast,Miami Heat,Heat
799,Anfernee,Hardaway,Unknown,22,ORL,Orlando,East,Southeast,Orlando Magic,Magic
800,Keith,Tower,Unknown,22,ORL,Orlando,East,Southeast,Orlando Magic,Magic
801,Chris,Whitney,Unknown,27,SAS,San Antonio,West,Southwest,San Antonio Spurs,Spurs
802,Josh,Grant,Unknown,10,GSW,Golden State,West,Pacific,Golden State Warriors,Warriors
803,Bobby,Hurley,Unknown,26,SAC,Sacramento,West,Pacific,Sacramento Kings,Kings
804,Mike,Peplowski,Unknown,26,SAC,Sacramento,West,Pacific,Sacramento Kings,Kings
805,Darnell,Mee,Unknown,8,DEN,Denver,West,Northwest,Denver Nuggets,Nuggets
806,Rodney,Rogers,Unknown,8,DEN,Denver,West,Northwest,Denver Nuggets,Nuggets
807,Acie,Earl,Unknown,2,BOS,Boston,East,Atlantic,Boston Celtics,Celtics
808,Dino,Radja,Unknown,2,BOS,Boston,East,Atlantic,Boston Celtics,Celtics
809,Chris,Mills,Unknown,6,CLE,Cleveland,East,Central,Cleveland Cavaliers,Cavaliers
810,Vin,Baker,Unknown,17,MIL,Milwaukee,East,Central,Milwaukee Bucks,Bucks
811,Antonio,Harvey,Unknown,14,LAL,Los Angeles,West,Pacific,Los Angeles Lakers,Lakers
812,Nick,Van Exel,Unknown,14,LAL,Los Angeles,West,Pacific,Los Angeles Lakers,Lakers
813,Terry,Dehere,Unknown,13,LAC,LA,West,Pacific,LA Clippers,Clippers
814,James,Robinson,Unknown,25,POR,Portland,West,Northwest,Portland Trail Blazers,Trail Blazers
815,Corie,Blount,Unknown,5,CHI,Chicago,East,Central,Chicago Bulls,Bulls
816,Toni,Kukoc,Unknown,5,CHI,Chicago,East,Central,Chicago Bulls,Bulls
817,Michael,Curry,Unknown,23,PHI,Philadelphia,East,Atlantic,Philadelphia 76ers,76ers
818,Shawn,Bradley,Unknown,23,PHI,Philadelphia,East,Atlantic,Philadelphia 76ers,76ers
819,Warren,Kidd,Unknown,23,PHI,Philadelphia,East,Atlantic,Philadelphia 76ers,76ers
820,Calbert,Cheaney,Unknown,30,WAS,Washington,East,Southeast,Washington Wizards,Wizards
821,Mitchell,Butler,Unknown,30,WAS,Washington,East,Southeast,Washington Wizards,Wizards
822,Tito,Horford,Unknown,30,WAS,Washington,East,Southeast,Washington Wizards,Wizards
823,Bryon,Russell,Unknown,29,UTA,Utah,West,Northwest,Utah Jazz,Jazz
824,Luther,Wright,Unknown,29,UTA,Utah,West,Northwest,Utah Jazz,Jazz
825,Darren,Morningstar,Unknown,7,DAL,Dallas,West,Southwest,Dallas Mavericks,Mavericks
826,Jamal,Mashburn,Unknown,7,DAL,Dallas,West,Southwest,Dallas Mavericks,Mavericks
827,Lucious,Harris,Unknown,7,DAL,Dallas,West,Southwest,Dallas Mavericks,Mavericks
828,Popeye,Jones,Unknown,7,DAL,Dallas,West,Southwest,Dallas Mavericks,Mavericks
829,Eric,Riley,Unknown,11,HOU,Houston,West,Southwest,Houston Rockets,Rockets
830,Sam,Cassell,Unknown,11,HOU,Houston,West,Southwest,Houston Rockets,Rockets
831,P.J.,Brown,Unknown,3,BKN,Brooklyn,East,Atlantic,Brooklyn Nets,Nets
832,Rex,Walters,Unknown,3,BKN,Brooklyn,East,Atlantic,Brooklyn Nets,Nets
833,Antonio,Davis,Unknown,12,IND,Indiana,East,Central,Indiana Pacers,Pacers
834,Allan,Houston,Unknown,9,DET,Detroit,East,Central,Detroit Pistons,Pistons
835,Lindsey,Hunter,Unknown,9,DET,Detroit,East,Central,Detroit Pistons,Pistons
836,Brian,Davis,Unknown,18,MIN,Minnesota,West,Northwest,Minnesota Timberwolves,Timberwolves
837,Isaiah,Rider,Unknown,18,MIN,Minnesota,West,Northwest,Minnesota Timberwolves,Timberwolves
838,Matt,Wenstrom,Unknown,2,BOS,Boston,East,Atlantic,Boston Celtics,Celtics
839,Scott,Haskin,Unknown,12,IND,Indiana,East,Central,Indiana Pacers,Pacers
840,Gerald,Madkins,Unknown,6,CLE,Cleveland,East,Central,Cleveland Cavaliers,Cavaliers
841,Greg,Graham,Unknown,23,PHI,Philadelphia,East,Atlantic,Philadelphia 76ers,76ers
842,Ervin,Johnson,Unknown,21,OKC,Oklahoma City,West,Northwest,Oklahoma City Thunder,Thunder
843,George,Lynch,Unknown,14,LAL,Los Angeles,West,Pacific,Los Angeles Lakers,Lakers
844,Bob,Martin,Unknown,13,LAC,LA,West,Pacific,LA Clippers,Clippers
845,Ricky,Grace,Unknown,1,ATL,Atlanta,East,Southeast,Atlanta Hawks,Hawks
846,Sedric,Toney,Unknown,6,CLE,Cleveland,East,Central,Cleveland Cavaliers,Cavaliers
847,Chris,Webber,Unknown,10,GSW,Golden State,West,Pacific,Golden State Warriors,Warriors
848,Gheorghe,Muresan,Unknown,30,WAS,Washington,East,Southeast,Washington Wizards,Wizards
849,Richard,Petruska,Unknown,11,HOU,Houston,West,Southwest,Houston Rockets,Rockets
850,Kevin,Thompson,Unknown,25,POR,Portland,West,Northwest,Portland Trail Blazers,Trail Blazers
851,Adonis,Jordan,Unknown,8,DEN,Denver,West,Northwest,Denver Nuggets,Nuggets
852,Scott,Burrell,Unknown,4,CHA,Charlotte,East,Southeast,Charlotte Hornets,Hornets
853,Dell,Demps,Unknown,10,GSW,Golden State,West,Pacific,Golden State Warriors,Warriors
854,Evers,Burns,Unknown,26,SAC,Sacramento,West,Pacific,Sacramento Kings,Kings
855,Aaron,Williams,Unknown,29,UTA,Utah,West,Northwest,Utah Jazz,Jazz
856,Stanley,Jackson,Unknown,18,MIN,Minnesota,West,Northwest,Minnesota Timberwolves,Timberwolves
857,David,Wesley,Unknown,3,BKN,Brooklyn,East,Atlantic,Brooklyn Nets,Nets
858,Chris,King,Unknown,21,OKC,Oklahoma City,West,Northwest,Oklahoma City Thunder,Thunder
859,Doug,Edwards,Unknown,1,ATL,Atlanta,East,Southeast,Atlanta Hawks,Hawks
860,Harold,Ellis,Unknown,13,LAC,LA,West,Pacific,LA Clippers,Clippers
861,Malcolm,Mackey,Unknown,24,PHX,Phoenix,West,Pacific,Phoenix Suns,Suns
862,Ben,Coleman,Unknown,9,DET,Detroit,East,Central,Detroit Pistons,Pistons
863,Roy,Marble,Unknown,8,DEN,Denver,West,Northwest,Denver Nuggets,Nuggets
864,Reggie,Jordan,Unknown,14,LAL,Los Angeles,West,Pacific,Los Angeles Lakers,Lakers
865,Chad,Gallagher,Unknown,29,UTA,Utah,West,Northwest,Utah Jazz,Jazz
866,Bo,Outlaw,Unknown,13,LAC,LA,West,Pacific,LA Clippers,Clippers
867,Bill,Edwards,Unknown,23,PHI,Philadelphia,East,Atlantic,Philadelphia 76ers,76ers
868,Andrew,Gaze,Unknown,30,WAS,Washington,East,Southeast,Washington Wizards,Wizards
869,Alphonso,Ford,Unknown,21,OKC,Oklahoma City,West,Northwest,Oklahoma City Thunder,Thunder
870,Andres,Guibert,Unknown,18,MIN,Minnesota,West,Northwest,Minnesota Timberwolves,Timberwolves
871,Skeeter,Henry,Unknown,24,PHX,Phoenix,West,Pacific,Phoenix Suns,Suns
872,Chris,Jent,Unknown,11,HOU,Houston,West,Southwest,Houston Rockets,Rockets
873,Geert,Hammink,Unknown,22,ORL,Orlando,East,Southeast,Orlando Magic,Magic
874,Jalen,Rose,Unknown,8,DEN,Denver,West,Northwest,Denver Nuggets,Nuggets
875,Reggie,Slater,Unknown,8,DEN,Denver,West,Northwest,Denver Nuggets,Nuggets
876,Askia,Jones,Unknown,18,MIN,Minnesota,West,Northwest,Minnesota Timberwolves,Timberwolves
877,Donyell,Marshall,Unknown,18,MIN,Minnesota,West,Northwest,Minnesota Timberwolves,Timberwolves
878,Howard,Eisley,Unknown,18,MIN,Minnesota,West,Northwest,Minnesota Timberwolves,Timberwolves
879,Grant,Hill,Unknown,9,DET,Detroit,East,Central,Detroit Pistons,Pistons
880,Anthony,Miller,Unknown,14,LAL,Los Angeles,West,Pacific,Los Angeles Lakers,Lakers
881,Eddie,Jones,Unknown,14,LAL,Los Angeles,West,Pacific,Los Angeles Lakers,Lakers
882,Dickey,Simpkins,Unknown,5,CHI,Chicago,East,Central,Chicago Bulls,Bulls
883,Eric,Piatkowski,Unknown,13,LAC,LA,West,Pacific,LA Clippers,Clippers
884,Lamond,Murray,Unknown,13,LAC,LA,West,Pacific,LA Clippers,Clippers
885,Matt,Fish,Unknown,13,LAC,LA,West,Pacific,LA Clippers,Clippers
886,Aaron,McKie,Unknown,25,POR,Portland,West,Northwest,Portland Trail Blazers,Trail Blazers
887,Eric,Montross,Unknown,2,BOS,Boston,East,Atlantic,Boston Celtics,Celtics
888,Fred,Vinson,Unknown,1,ATL,Atlanta,East,Southeast,Atlanta Hawks,Hawks
889,Tom,Hovasse,Unknown,1,ATL,Atlanta,East,Southeast,Atlanta Hawks,Hawks
890,Jamie,Watson,Unknown,29,UTA,Utah,West,Northwest,Utah Jazz,Jazz
891,Khalid,Reeves,Unknown,16,MIA,Miami,East,Southeast,Miami Heat,Heat
892,Brian,Grant,Unknown,26,SAC,Sacramento,West,Pacific,Sacramento Kings,Kings
893,Henry,Turner,Unknown,26,SAC,Sacramento,West,Pacific,Sacramento Kings,Kings
894,Michael,Smith,Unknown,26,SAC,Sacramento,West,Pacific,Sacramento Kings,Kings
895,Antonio,Lang,Unknown,24,PHX,Phoenix,West,Pacific,Phoenix Suns,Suns
896,Wesley,Person,Unknown,24,PHX,Phoenix,West,Pacific,Phoenix Suns,Suns
897,B.J.,Tyler,Unknown,23,PHI,Philadelphia,East,Atlantic,Philadelphia 76ers,76ers
898,Derrick,Alston,Unknown,23,PHI,Philadelphia,East,Atlantic,Philadelphia 76ers,76ers
899,Sharone,Wright,Unknown,23,PHI,Philadelphia,East,Atlantic,Philadelphia 76ers,76ers
900,Eric,Mobley,Unknown,17,MIL,Milwaukee,East,Central,Milwaukee Bucks,Bucks
901,Darrin,Hancock,Unknown,4,CHA,Charlotte,East,Southeast,Charlotte Hornets,Hornets
902,Bill,Curley,Unknown,9,DET,Detroit,East,Central,Detroit Pistons,Pistons
903,Anthony,Tucker,Unknown,30,WAS,Washington,East,Southeast,Washington Wizards,Wizards
904,Tim,Breaux,Unknown,11,HOU,Houston,West,Southwest,Houston Rockets,Rockets
905,Zan,Tabak,Unknown,11,HOU,Houston,West,Southwest,Houston Rockets,Rockets
906,Brooks,Thompson,Unknown,22,ORL,Orlando,East,Southeast,Orlando Magic,Magic
907,Glenn,Robinson,Unknown,17,MIL,Milwaukee,East,Central,Milwaukee Bucks,Bucks
908,Jason,Kidd,Unknown,7,DAL,Dallas,West,Southwest,Dallas Mavericks,Mavericks
909,Tony,Dumas,Unknown,7,DAL,Dallas,West,Southwest,Dallas Mavericks,Mavericks
910,Monty,Williams,Unknown,20,NYK,New York,East,Atlantic,New York Knicks,Knicks
911,Carlos,Rogers,Unknown,10,GSW,Golden State,West,Pacific,Golden State Warriors,Warriors
912,Sergei,Bazarevich,Unknown,1,ATL,Atlanta,East,Southeast,Atlanta Hawks,Hawks
913,Julius,Nwosu,Unknown,27,SAS,San Antonio,West,Southwest,San Antonio Spurs,Spurs
914,Trevor,Ruffin,Unknown,24,PHX,Phoenix,West,Pacific,Phoenix Suns,Suns
915,Yinka,Dare,Unknown,3,BKN,Brooklyn,East,Atlantic,Brooklyn Nets,Nets
916,Greg,Minor,Unknown,2,BOS,Boston,East,Atlantic,Boston Celtics,Celtics
917,Clifford,Rozier,Unknown,10,GSW,Golden State,West,Pacific,Golden State Warriors,Warriors
918,Charlie,Ward,Unknown,20,NYK,New York,East,Atlantic,New York Knicks,Knicks
919,Dontonio,Wingfield,Unknown,21,OKC,Oklahoma City,West,Northwest,Oklahoma City Thunder,Thunder
920,Aaron,Swinson,Unknown,24,PHX,Phoenix,West,Pacific,Phoenix Suns,Suns
921,Jim,McIlvaine,Unknown,30,WAS,Washington,East,Southeast,Washington Wizards,Wizards
922,Juwan,Howard,Unknown,30,WAS,Washington,East,Southeast,Washington Wizards,Wizards
923,James,Blackwell,Unknown,4,CHA,Charlotte,East,Southeast,Charlotte Hornets,Hornets
924,Ivano,Newbill,Unknown,9,DET,Detroit,East,Central,Detroit Pistons,Pistons
925,Dwayne,Morton,Unknown,10,GSW,Golden State,West,Pacific,Golden State Warriors,Warriors
926,Chris,Childs,Unknown,3,BKN,Brooklyn,East,Atlantic,Brooklyn Nets,Nets
927,Ryan,Lorthridge,Unknown,10,GSW,Golden State,West,Pacific,Golden State Warriors,Warriors
928,Elmer,Bennett,Unknown,6,CLE,Cleveland,East,Central,Cleveland Cavaliers,Cavaliers
929,Darrick,Martin,Unknown,18,MIN,Minnesota,West,Northwest,Minnesota Timberwolves,Timberwolves
930,Jerome,Harmon,Unknown,23,PHI,Philadelphia,East,Atlantic,Philadelphia 76ers,76ers
931,Mark,Strickland,Unknown,12,IND,Indiana,East,Central,Indiana Pacers,Pacers
932,Eldridge,Recasner,Unknown,8,DEN,Denver,West,Northwest,Denver Nuggets,Nuggets
933,Darrell,Armstrong,Unknown,22,ORL,Orlando,East,Southeast,Orlando Magic,Magic
934,Derrick,Phelps,Unknown,26,SAC,Sacramento,West,Pacific,Sacramento Kings,Kings
935,Cherokee,Parks,Unknown,7,DAL,Dallas,West,Southwest,Dallas Mavericks,Mavericks
936,Loren,Meyer,Unknown,7,DAL,Dallas,West,Southwest,Dallas Mavericks,Mavericks
937,Charles,Claxton,Unknown,2,BOS,Boston,East,Atlantic,Boston Celtics,Celtics
938,Eric,Williams,Unknown,2,BOS,Boston,East,Atlantic,Boston Celtics,Celtics
939,Junior,Burrough,Unknown,2,BOS,Boston,East,Atlantic,Boston Celtics,Celtics
940,Brent,Barry,Unknown,13,LAC,LA,West,Pacific,LA Clippers,Clippers
941,Chris,Carr,Unknown,24,PHX,Phoenix,West,Pacific,Phoenix Suns,Suns
942,Michael,Finley,Unknown,24,PHX,Phoenix,West,Pacific,Phoenix Suns,Suns
943,Greg,Ostertag,Unknown,29,UTA,Utah,West,Northwest,Utah Jazz,Jazz
944,Eric,Snow,Unknown,21,OKC,Oklahoma City,West,Northwest,Oklahoma City Thunder,Thunder
945,Sherell,Ford,Unknown,21,OKC,Oklahoma City,West,Northwest,Oklahoma City Thunder,Thunder
946,Jerry,Stackhouse,Unknown,23,PHI,Philadelphia,East,Atlantic,Philadelphia 76ers,76ers
947,Jeff,Webster,Unknown,30,WAS,Washington,East,Southeast,Washington Wizards,Wizards
948,Rasheed,Wallace,Unknown,30,WAS,Washington,East,Southeast,Washington Wizards,Wizards
949,Arvydas,Sabonis,Unknown,25,POR,Portland,West,Northwest,Portland Trail Blazers,Trail Blazers
950,Gary,Trent,Unknown,25,POR,Portland,West,Northwest,Portland Trail Blazers,Trail Blazers
951,Randolph,Childress,Unknown,25,POR,Portland,West,Northwest,Portland Trail Blazers,Trail Blazers
952,Bryant,Reeves,Unknown,15,MEM,Memphis,West,Southwest,Memphis Grizzlies,Grizzlies
953,Lawrence,Moten,Unknown,15,MEM,Memphis,West,Southwest,Memphis Grizzlies,Grizzlies
954,Jason,Caffey,Unknown,5,CHI,Chicago,East,Central,Chicago Bulls,Bulls
955,George,Zidek,Unknown,4,CHA,Charlotte,East,Southeast,Charlotte Hornets,Hornets
956,Alvin,Heggs,Unknown,11,HOU,Houston,West,Southwest,Houston Rockets,Rockets
957,Joe,Smith,Unknown,10,GSW,Golden State,West,Pacific,Golden State Warriors,Warriors
958,Alan,Henderson,Unknown,1,ATL,Atlanta,East,Southeast,Atlanta Hawks,Hawks
959,Travis,Best,Unknown,12,IND,Indiana,East,Central,Indiana Pacers,Pacers
960,Damon,Stoudamire,Unknown,28,TOR,Toronto,East,Atlantic,Toronto Raptors,Raptors
961,Jimmy,King,Unknown,28,TOR,Toronto,East,Atlantic,Toronto Raptors,Raptors
962,Ed,O'Bannon,Unknown,3,BKN,Brooklyn,East,Atlantic,Brooklyn Nets,Nets
963,Lou,Roe,Unknown,9,DET,Detroit,East,Central,Detroit Pistons,Pistons
964,Theo,Ratliff,Unknown,9,DET,Detroit,East,Central,Detroit Pistons,Pistons
965,Antonio,McDyess,Unknown,8,DEN,Denver,West,Northwest,Denver Nuggets,Nuggets
966,Bob,Sura,Unknown,6,CLE,Cleveland,East,Central,Cleveland Cavaliers,Cavaliers
967,Donny,Marshall,Unknown,6,CLE,Cleveland,East,Central,Cleveland Cavaliers,Cavaliers
968,John,Amaechi,Unknown,6,CLE,Cleveland,East,Central,Cleveland Cavaliers,Cavaliers
969,Tyus,Edney,Unknown,26,SAC,Sacramento,West,Pacific,Sacramento Kings,Kings
970,Jerome,Allen,Unknown,18,MIN,Minnesota,West,Northwest,Minnesota Timberwolves,Timberwolves
971,Kevin,Garnett,Unknown,18,MIN,Minnesota,West,Northwest,Minnesota Timberwolves,Timberwolves
972,Mark,Davis,Unknown,18,MIN,Minnesota,West,Northwest,Minnesota Timberwolves,Timberwolves
973,Marques,Bragg,Unknown,18,MIN,Minnesota,West,Northwest,Minnesota Timberwolves,Timberwolves
974,Shawn,Respert,Unknown,17,MIL,Milwaukee,East,Central,Milwaukee Bucks,Bucks
975,Fred,Hoiberg,Unknown,12,IND,Indiana,East,Central,Indiana Pacers,Pacers
976,Frankie,King,Unknown,14,LAL,Los Angeles,West,Pacific,Los Angeles Lakers,Lakers
977,Don,Reid,Unknown,9,DET,Detroit,East,Central,Detroit Pistons,Pistons
978,Kurt,Thomas,Unknown,16,MIA,Miami,East,Southeast,Miami Heat,Heat
979,Sasha,Danilovic,Unknown,16,MIA,Miami,East,Southeast,Miami Heat,Heat
980,Terrence,Rencher,Unknown,16,MIA,Miami,East,Southeast,Miami Heat,Heat
981,Cory,Alexander,Unknown,27,SAS,San Antonio,West,Southwest,San Antonio Spurs,Spurs
982,Howard,Nathan,Unknown,1,ATL,Atlanta,East,Southeast,Atlanta Hawks,Hawks
983,Todd,Mundt,Unknown,1,ATL,Atlanta,East,Southeast,Atlanta Hawks,Hawks
984,David,Vaughn,Unknown,22,ORL,Orlando,East,Southeast,Orlando Magic,Magic
985,Log,Vander Velden,Unknown,13,LAC,LA,West,Pacific,LA Clippers,Clippers
986,Ashraf,Amaya,Unknown,15,MEM,Memphis,West,Southwest,Memphis Grizzlies,Grizzlies
987,Stefano,Rusconi,Unknown,24,PHX,Phoenix,West,Pacific,Phoenix Suns,Suns
988,Larry,Sykes,Unknown,2,BOS,Boston,East,Atlantic,Boston Celtics,Celtics
989,Vincenzo,Esposito,Unknown,28,TOR,Toronto,East,Atlantic,Toronto Raptors,Raptors
990,Corliss,Williamson,Unknown,26,SAC,Sacramento,West,Pacific,Sacramento Kings,Kings
991,Rastko,Cvetkovic,Unknown,8,DEN,Denver,West,Northwest,Denver Nuggets,Nuggets
992,Corey,Beck,Unknown,4,CHA,Charlotte,East,Southeast,Charlotte Hornets,Hornets
993,Voshon,Lenard,Unknown,16,MIA,Miami,East,Southeast,Miami Heat,Heat
994,Anthony,Goldwire,Unknown,4,CHA,Charlotte,East,Southeast,Charlotte Hornets,Hornets
995,Andrew,DeClercq,Unknown,10,GSW,Golden State,West,Pacific,Golden State Warriors,Warriors
996,Richard,Manning,Unknown,15,MEM,Memphis,West,Southwest,Memphis Grizzlies,Grizzlies
997,Clint,McDaniel,Unknown,26,SAC,Sacramento,West,Pacific,Sacramento Kings,Kings
998,Martin,Lewis,Unknown,28,TOR,Toronto,East,Atlantic,Toronto Raptors,Raptors
999,Dwayne,Whitfield,Unknown,28,TOR,Toronto,East,Atlantic,Toronto Raptors,Raptors
1000,Mario,Bennett,Unknown,24,PHX,Phoenix,West,Pacific,Phoenix Suns,Suns
1001,Melvin,Booker,Unknown,11,HOU,Houston,West,Southwest,Houston Rockets,Rockets
1002,Darryl,Johnson,Unknown,6,CLE,Cleveland,East,Central,Cleveland Cavaliers,Cavaliers
1003,John,Coker,Unknown,24,PHX,Phoenix,West,Pacific,Phoenix Suns,Suns
1004,Donnie,Boyce,Unknown,1,ATL,Atlanta,East,Southeast,Atlanta Hawks,Hawks
1005,Thomas,Hamilton,Unknown,2,BOS,Boston,East,Atlantic,Boston Celtics,Celtics
1006,Robert,Churchwell,Unknown,10,GSW,Golden State,West,Pacific,Golden State Warriors,Warriors
1007,Cuonzo,Martin,Unknown,15,MEM,Memphis,West,Southwest,Memphis Grizzlies,Grizzlies
1008,Cedric,Lewis,Unknown,30,WAS,Washington,East,Southeast,Washington Wizards,Wizards
1009,Antoine,Walker,F,2,BOS,Boston,East,Atlantic,Boston Celtics,Celtics
1010,Brett,Szabo,Unknown,2,BOS,Boston,East,Atlantic,Boston Celtics,Celtics
1011,Brent,Scott,Unknown,12,IND,Indiana,East,Central,Indiana Pacers,Pacers
1012,Erick,Dampier,Unknown,12,IND,Indiana,East,Central,Indiana Pacers,Pacers
1013,Jerome,Williams,Unknown,9,DET,Detroit,East,Central,Detroit Pistons,Pistons
1014,John,Wallace,Unknown,20,NYK,New York,East,Atlantic,New York Knicks,Knicks
1015,Walter,McCarty,Unknown,20,NYK,New York,East,Atlantic,New York Knicks,Knicks
1016,Marcus,Camby,Unknown,28,TOR,Toronto,East,Atlantic,Toronto Raptors,Raptors
1017,Donald,Whiteside,Unknown,28,TOR,Toronto,East,Atlantic,Toronto Raptors,Raptors
1018,Shareef,Abdur-Rahim,F,15,MEM,Memphis,West,Southwest,Memphis Grizzlies,Grizzlies
1019,Roy,Rogers,Unknown,15,MEM,Memphis,West,Southwest,Memphis Grizzlies,Grizzlies
1020,Ben,Wallace,Unknown,30,WAS,Washington,East,Southeast,Washington Wizards,Wizards
1021,Reggie,Geary,Unknown,6,CLE,Cleveland,East,Central,Cleveland Cavaliers,Cavaliers
1022,Vitaly,Potapenko,Unknown,6,CLE,Cleveland,East,Central,Cleveland Cavaliers,Cavaliers
1023,Ed,O'Bannon,F,3,BKN,Brooklyn,East,Atlantic,Brooklyn Nets,Nets
1024,Kerry,Kittles,Unknown,3,BKN,Brooklyn,East,Atlantic,Brooklyn Nets,Nets
1025,Erick,Strickland,Unknown,7,DAL,Dallas,West,Southwest,Dallas Mavericks,Mavericks
1026,Darvin,Ham,Unknown,8,DEN,Denver,West,Northwest,Denver Nuggets,Nuggets
1027,Stephon,Marbury,G,18,MIN,Minnesota,West,Northwest,Minnesota Timberwolves,Timberwolves
1028,Shane,Heal,Unknown,18,MIN,Minnesota,West,Northwest,Minnesota Timberwolves,Timberwolves
1029,Dean,Garrett,Unknown,18,MIN,Minnesota,West,Northwest,Minnesota Timberwolves,Timberwolves
1030,Priest,Lauderdale,Unknown,1,ATL,Atlanta,East,Southeast,Atlanta Hawks,Hawks
1031,Ike,Austin,Unknown,16,MIA,Miami,East,Southeast,Miami Heat,Heat
1032,Loy,Vaught,F,13,LAC,LA,West,Pacific,LA Clippers,Clippers
1033,Lorenzen,Wright,Unknown,13,LAC,LA,West,Pacific,LA Clippers,Clippers
1034,Todd,Fuller,C,10,GSW,Golden State,West,Pacific,Golden State Warriors,Warriors
1035,Ray,Owes,Unknown,10,GSW,Golden State,West,Pacific,Golden State Warriors,Warriors
1036,Ray,Allen,G,17,MIL,Milwaukee,East,Central,Milwaukee Bucks,Bucks
1037,Allen,Iverson,G,23,PHI,Philadelphia,East,Atlantic,Philadelphia 76ers,76ers
1038,Mark,Bradtke,Unknown,23,PHI,Philadelphia,East,Atlantic,Philadelphia 76ers,76ers
1039,Steve,Nash,Unknown,24,PHX,Phoenix,West,Pacific,Phoenix Suns,Suns
1040,Ben,Davis,Unknown,24,PHX,Phoenix,West,Pacific,Phoenix Suns,Suns
1041,Derek,Fisher,Unknown,14,LAL,Los Angeles,West,Pacific,Los Angeles Lakers,Lakers
1042,Travis,Knight,Unknown,14,LAL,Los Angeles,West,Pacific,Los Angeles Lakers,Lakers
1043,Kobe,Bryant,Unknown,14,LAL,Los Angeles,West,Pacific,Los Angeles Lakers,Lakers
1044,Matt,Maloney,G,11,HOU,Houston,West,Southwest,Houston Rockets,Rockets
1045,Othella,Harrington,Unknown,11,HOU,Houston,West,Southwest,Houston Rockets,Rockets
1046,Randy,Livingston,Unknown,11,HOU,Houston,West,Southwest,Houston Rockets,Rockets
1047,Emanual,Davis,Unknown,11,HOU,Houston,West,Southwest,Houston Rockets,Rockets
1048,Shandon,Anderson,Unknown,29,UTA,Utah,West,Northwest,Utah Jazz,Jazz
1049,Malik,Rose,Unknown,4,CHA,Charlotte,East,Southeast,Charlotte Hornets,Hornets
1050,Tony,Delk,Unknown,4,CHA,Charlotte,East,Southeast,Charlotte Hornets,Hornets
1051,Jeff,McInnis,Unknown,8,DEN,Denver,West,Northwest,Denver Nuggets,Nuggets
1052,Dontae',Jones,Unknown,20,NYK,New York,East,Atlantic,New York Knicks,Knicks
1053,Nate,Driggers,Unknown,2,BOS,Boston,East,Atlantic,Boston Celtics,Celtics
1054,Samaki,Walker,Unknown,7,DAL,Dallas,West,Southwest,Dallas Mavericks,Mavericks
1055,Amal,McCaskill,Unknown,22,ORL,Orlando,East,Southeast,Orlando Magic,Magic
1056,James,Scott,Unknown,16,MIA,Miami,East,Southeast,Miami Heat,Heat
1057,Mark,Hendrickson,Unknown,23,PHI,Philadelphia,East,Atlantic,Philadelphia 76ers,76ers
1058,Aleksandar,Djordjevic,Unknown,25,POR,Portland,West,Northwest,Portland Trail Blazers,Trail Blazers
1059,Jermaine,O'Neal,Unknown,25,POR,Portland,West,Northwest,Portland Trail Blazers,Trail Blazers
1060,Chris,Robinson,Unknown,15,MEM,Memphis,West,Southwest,Memphis Grizzlies,Grizzlies
1061,Kevin,Salvadori,Unknown,26,SAC,Sacramento,West,Pacific,Sacramento Kings,Kings
1062,Evric,Gray,Unknown,3,BKN,Brooklyn,East,Atlantic,Brooklyn Nets,Nets
1063,Moochie,Norris,Unknown,15,MEM,Memphis,West,Southwest,Memphis Grizzlies,Grizzlies
1064,Devin,Gray,Unknown,26,SAC,Sacramento,West,Pacific,Sacramento Kings,Kings
1065,Martin,Muursepp,Unknown,16,MIA,Miami,East,Southeast,Miami Heat,Heat
1066,Gaylon,Nickerson,Unknown,27,SAS,San Antonio,West,Southwest,San Antonio Spurs,Spurs
1067,Marcus,Brown,Unknown,25,POR,Portland,West,Northwest,Portland Trail Blazers,Trail Blazers
1068,Robert,Werdann,Unknown,3,BKN,Brooklyn,East,Atlantic,Brooklyn Nets,Nets
1069,Ruben,Nembhard,Unknown,29,UTA,Utah,West,Northwest,Utah Jazz,Jazz
1070,Jamie,Feick,Unknown,4,CHA,Charlotte,East,Southeast,Charlotte Hornets,Hornets
1071,Jason,Sasser,Unknown,27,SAS,San Antonio,West,Southwest,San Antonio Spurs,Spurs
1072,Tony,Farmer,Unknown,16,MIA,Miami,East,Southeast,Miami Heat,Heat
1073,Shawnelle,Scott,Unknown,6,CLE,Cleveland,East,Central,Cleveland Cavaliers,Cavaliers
1074,Brian,Evans,Unknown,22,ORL,Orlando,East,Southeast,Orlando Magic,Magic
1075,Steve,Hamer,Unknown,2,BOS,Boston,East,Atlantic,Boston Celtics,Celtics
1076,Dexter,Boney,Unknown,24,PHX,Phoenix,West,Pacific,Phoenix Suns,Suns
1077,Michael,Hawkins,Unknown,2,BOS,Boston,East,Atlantic,Boston Celtics,Celtics
1078,Joe,Stephens,Unknown,11,HOU,Houston,West,Southwest,Houston Rockets,Rockets
1079,Horacio,Llamas,Unknown,24,PHX,Phoenix,West,Pacific,Phoenix Suns,Suns
1080,Jimmy,Carruth,Unknown,17,MIL,Milwaukee,East,Central,Milwaukee Bucks,Bucks
1081,Bruce,Bowen,Unknown,16,MIA,Miami,East,Southeast,Miami Heat,Heat
1082,Stevin,Smith,Unknown,7,DAL,Dallas,West,Southwest,Dallas Mavericks,Mavericks
1083,Matt,Steigenga,Unknown,5,CHI,Chicago,East,Central,Chicago Bulls,Bulls
1084,Kevin,Ollie,Unknown,7,DAL,Dallas,West,Southwest,Dallas Mavericks,Mavericks
1085,Bubba,Wells,Unknown,7,DAL,Dallas,West,Southwest,Dallas Mavericks,Mavericks
1086,Antonio,Daniels,G,15,MEM,Memphis,West,Southwest,Memphis Grizzlies,Grizzlies
1087,Tracy,McGrady,Unknown,28,TOR,Toronto,East,Atlantic,Toronto Raptors,Raptors
1088,Chris,Garner,Unknown,28,TOR,Toronto,East,Atlantic,Toronto Raptors,Raptors
1089,Tim,Duncan,F,27,SAS,San Antonio,West,Southwest,San Antonio Spurs,Spurs
1090,Tony,Battie,F,8,DEN,Denver,West,Northwest,Denver Nuggets,Nuggets
1091,Bobby,Jackson,G,8,DEN,Denver,West,Northwest,Denver Nuggets,Nuggets
1092,Danny,Fortson,Unknown,8,DEN,Denver,West,Northwest,Denver Nuggets,Nuggets
1093,Eric,Washington,Unknown,8,DEN,Denver,West,Northwest,Denver Nuggets,Nuggets
1094,Etdrick,Bohannon,Unknown,12,IND,Indiana,East,Central,Indiana Pacers,Pacers
1095,Mark,Pope,Unknown,12,IND,Indiana,East,Central,Indiana Pacers,Pacers
1096,Ron,Mercer,G,2,BOS,Boston,East,Atlantic,Boston Celtics,Celtics
1097,Chauncey,Billups,Unknown,2,BOS,Boston,East,Atlantic,Boston Celtics,Celtics
1098,John,Thomas,Unknown,2,BOS,Boston,East,Atlantic,Boston Celtics,Celtics
1099,Kelvin,Cato,Unknown,25,POR,Portland,West,Northwest,Portland Trail Blazers,Trail Blazers
1100,Alvin,Williams,Unknown,25,POR,Portland,West,Northwest,Portland Trail Blazers,Trail Blazers
1101,Maurice,Taylor,Unknown,13,LAC,LA,West,Pacific,LA Clippers,Clippers
1102,Keith,Closs,Unknown,13,LAC,LA,West,Pacific,LA Clippers,Clippers
1103,Adonal,Foyle,Unknown,10,GSW,Golden State,West,Pacific,Golden State Warriors,Warriors
1104,DeJuan,Wheat,Unknown,18,MIN,Minnesota,West,Northwest,Minnesota Timberwolves,Timberwolves
1105,Ed,Gray,Unknown,1,ATL,Atlanta,East,Southeast,Atlanta Hawks,Hawks
1106,Chris,Crawford,Unknown,1,ATL,Atlanta,East,Southeast,Atlanta Hawks,Hawks
1107,Zydrunas,Ilgauskas,C,6,CLE,Cleveland,East,Central,Cleveland Cavaliers,Cavaliers
1108,Derek,Anderson,G,6,CLE,Cleveland,East,Central,Cleveland Cavaliers,Cavaliers
1109,Brevin,Knight,Unknown,6,CLE,Cleveland,East,Central,Cleveland Cavaliers,Cavaliers
1110,Cedric,Henderson,Unknown,6,CLE,Cleveland,East,Central,Cleveland Cavaliers,Cavaliers
1111,Rodrick,Rhodes,Unknown,11,HOU,Houston,West,Southwest,Houston Rockets,Rockets
1112,Jacque,Vaughn,Unknown,29,UTA,Utah,West,Northwest,Utah Jazz,Jazz
1113,Troy,Hudson,Unknown,29,UTA,Utah,West,Northwest,Utah Jazz,Jazz
1114,Jerald,Honeycutt,Unknown,17,MIL,Milwaukee,East,Central,Milwaukee Bucks,Bucks
1115,Jeff,Nordgaard,Unknown,17,MIL,Milwaukee,East,Central,Milwaukee Bucks,Bucks
1116,Tim,Thomas,Unknown,23,PHI,Philadelphia,East,Atlantic,Philadelphia 76ers,76ers
1117,God,Shammgod,Unknown,30,WAS,Washington,East,Southeast,Washington Wizards,Wizards
1118,Scot,Pollard,Unknown,9,DET,Detroit,East,Central,Detroit Pistons,Pistons
1119,Keith,Van Horn,Unknown,3,BKN,Brooklyn,East,Atlantic,Brooklyn Nets,Nets
1120,Michael,Stewart,Unknown,26,SAC,Sacramento,West,Pacific,Sacramento Kings,Kings
1121,Anthony,Johnson,Unknown,26,SAC,Sacramento,West,Pacific,Sacramento Kings,Kings
1122,Derek,Grimm,Unknown,26,SAC,Sacramento,West,Pacific,Sacramento Kings,Kings
1123,Lawrence,Funderburke,Unknown,26,SAC,Sacramento,West,Pacific,Sacramento Kings,Kings
1124,Chris,Anstey,Unknown,7,DAL,Dallas,West,Southwest,Dallas Mavericks,Mavericks
1125,Rick,Brunson,Unknown,25,POR,Portland,West,Northwest,Portland Trail Blazers,Trail Blazers
1126,Travis,Williams,Unknown,4,CHA,Charlotte,East,Southeast,Charlotte Hornets,Hornets
1127,Tariq,Abdul-Wahad,Unknown,26,SAC,Sacramento,West,Pacific,Sacramento Kings,Kings
1128,Charles,Smith,Unknown,16,MIA,Miami,East,Southeast,Miami Heat,Heat
1129,Keith,Booth,Unknown,5,CHI,Chicago,East,Central,Chicago Bulls,Bulls
1130,Ed,Stokes,Unknown,28,TOR,Toronto,East,Atlantic,Toronto Raptors,Raptors
1131,Charles,O'Bannon,Unknown,9,DET,Detroit,East,Central,Detroit Pistons,Pistons
1132,Austin,Croshere,Unknown,12,IND,Indiana,East,Central,Indiana Pacers,Pacers
1133,Rusty,LaRue,Unknown,5,CHI,Chicago,East,Central,Chicago Bulls,Bulls
1134,Kiwane,Garris,Unknown,8,DEN,Denver,West,Northwest,Denver Nuggets,Nuggets
1135,Marko,Milic,Unknown,24,PHX,Phoenix,West,Pacific,Phoenix Suns,Suns
1136,Johnny,Taylor,Unknown,22,ORL,Orlando,East,Southeast,Orlando Magic,Magic
1137,James,Cotton,Unknown,21,OKC,Oklahoma City,West,Northwest,Oklahoma City Thunder,Thunder
1138,James,Collins,Unknown,13,LAC,LA,West,Pacific,LA Clippers,Clippers
1139,Anthony,Parker,Unknown,23,PHI,Philadelphia,East,Atlantic,Philadelphia 76ers,76ers
1140,Jason,Lawson,Unknown,22,ORL,Orlando,East,Southeast,Orlando Magic,Magic
1141,Kebu,Stewart,Unknown,23,PHI,Philadelphia,East,Atlantic,Philadelphia 76ers,76ers
1142,Kelly,McCarty,Unknown,12,IND,Indiana,East,Central,Indiana Pacers,Pacers
1143,Drew,Barry,Unknown,1,ATL,Atlanta,East,Southeast,Atlanta Hawks,Hawks
1144,Michael,McDonald,Unknown,4,CHA,Charlotte,East,Southeast,Charlotte Hornets,Hornets
1145,Brandon,Williams,Unknown,10,GSW,Golden State,West,Pacific,Golden State Warriors,Warriors
1146,William,Cunningham,Unknown,29,UTA,Utah,West,Northwest,Utah Jazz,Jazz
1147,Shea,Seals,Unknown,14,LAL,Los Angeles,West,Pacific,Los Angeles Lakers,Lakers
1148,Reggie,Hanson,Unknown,2,BOS,Boston,East,Atlantic,Boston Celtics,Celtics
1149,Rashard,Lewis,Unknown,21,OKC,Oklahoma City,West,Northwest,Oklahoma City Thunder,Thunder
1150,Jelani,McCoy,Unknown,21,OKC,Oklahoma City,West,Northwest,Oklahoma City Thunder,Thunder
1151,Vladimir,Stepania,Unknown,21,OKC,Oklahoma City,West,Northwest,Oklahoma City Thunder,Thunder
1152,Larry,Hughes,Unknown,23,PHI,Philadelphia,East,Atlantic,Philadelphia 76ers,76ers
1153,Casey,Shaw,Unknown,23,PHI,Philadelphia,East,Atlantic,Philadelphia 76ers,76ers
1154,Nazr,Mohammed,Unknown,23,PHI,Philadelphia,East,Atlantic,Philadelphia 76ers,76ers
1155,Ricky,Davis,Unknown,4,CHA,Charlotte,East,Southeast,Charlotte Hornets,Hornets
1156,Brad,Miller,Unknown,4,CHA,Charlotte,East,Southeast,Charlotte Hornets,Hornets
1157,Mikki,Moore,Unknown,9,DET,Detroit,East,Central,Detroit Pistons,Pistons
1158,Michael,Doleac,Unknown,22,ORL,Orlando,East,Southeast,Orlando Magic,Magic
1159,Matt,Harpring,Unknown,22,ORL,Orlando,East,Southeast,Orlando Magic,Magic
1160,Miles,Simon,Unknown,22,ORL,Orlando,East,Southeast,Orlando Magic,Magic
1161,Jason,Williams,G,26,SAC,Sacramento,West,Pacific,Sacramento Kings,Kings
1162,Peja,Stojakovic,Unknown,26,SAC,Sacramento,West,Pacific,Sacramento Kings,Kings
1163,Jerome,James,Unknown,26,SAC,Sacramento,West,Pacific,Sacramento Kings,Kings
1164,Peter,Aluma,Unknown,26,SAC,Sacramento,West,Pacific,Sacramento Kings,Kings
1165,Gerard,King,Unknown,27,SAS,San Antonio,West,Southwest,San Antonio Spurs,Spurs
1166,Mark,Baker,Unknown,28,TOR,Toronto,East,Atlantic,Toronto Raptors,Raptors
1167,Sean,Marks,Unknown,28,TOR,Toronto,East,Atlantic,Toronto Raptors,Raptors
1168,Paul,Pierce,F,2,BOS,Boston,East,Atlantic,Boston Celtics,Celtics
1169,Marlon,Garnett,Unknown,2,BOS,Boston,East,Atlantic,Boston Celtics,Celtics
1170,Jahidi,White,Unknown,30,WAS,Washington,East,Southeast,Washington Wizards,Wizards
1171,Randell,Jackson,Unknown,30,WAS,Washington,East,Southeast,Washington Wizards,Wizards
1172,Al,Harrington,Unknown,12,IND,Indiana,East,Central,Indiana Pacers,Pacers
1173,Shammond,Williams,Unknown,1,ATL,Atlanta,East,Southeast,Atlanta Hawks,Hawks
1174,Jeff,Sheppard,Unknown,1,ATL,Atlanta,East,Southeast,Atlanta Hawks,Hawks
1175,Roshown,McLeod,Unknown,1,ATL,Atlanta,East,Southeast,Atlanta Hawks,Hawks
1176,Pat,Garrity,Unknown,24,PHX,Phoenix,West,Pacific,Phoenix Suns,Suns
1177,Gerald,Brown,Unknown,24,PHX,Phoenix,West,Pacific,Phoenix Suns,Suns
1178,Toby,Bailey,Unknown,24,PHX,Phoenix,West,Pacific,Phoenix Suns,Suns
1179,Michael,Olowokandi,Unknown,13,LAC,LA,West,Pacific,LA Clippers,Clippers
1180,Tyrone,Nesby,Unknown,13,LAC,LA,West,Pacific,LA Clippers,Clippers
1181,Michael,Dickerson,G,11,HOU,Houston,West,Southwest,Houston Rockets,Rockets
1182,Bryce,Drew,Unknown,11,HOU,Houston,West,Southwest,Houston Rockets,Rockets
1183,John,Coker,Unknown,11,HOU,Houston,West,Southwest,Houston Rockets,Rockets
1184,Cuttino,Mobley,Unknown,11,HOU,Houston,West,Southwest,Houston Rockets,Rockets
1185,Ruben,Patterson,Unknown,14,LAL,Los Angeles,West,Pacific,Los Angeles Lakers,Lakers
1186,Sam,Jacobson,Unknown,14,LAL,Los Angeles,West,Pacific,Los Angeles Lakers,Lakers
1187,Tyronn,Lue,Unknown,14,LAL,Los Angeles,West,Pacific,Los Angeles Lakers,Lakers
1188,Kornel,David,Unknown,5,CHI,Chicago,East,Central,Chicago Bulls,Bulls
1189,Cory,Carr,Unknown,5,CHI,Chicago,East,Central,Chicago Bulls,Bulls
1190,Corey,Benjamin,Unknown,5,CHI,Chicago,East,Central,Chicago Bulls,Bulls
1191,Paul,Grant,Unknown,18,MIN,Minnesota,West,Northwest,Minnesota Timberwolves,Timberwolves
1192,Andrae,Patterson,Unknown,18,MIN,Minnesota,West,Northwest,Minnesota Timberwolves,Timberwolves
1193,Raef,LaFrentz,C,8,DEN,Denver,West,Northwest,Denver Nuggets,Nuggets
1194,Keon,Clark,Unknown,8,DEN,Denver,West,Northwest,Denver Nuggets,Nuggets
1195,Tyson,Wheeler,Unknown,8,DEN,Denver,West,Northwest,Denver Nuggets,Nuggets
1196,Robert,Traylor,Unknown,17,MIL,Milwaukee,East,Central,Milwaukee Bucks,Bucks
1197,Earl,Boykins,Unknown,3,BKN,Brooklyn,East,Atlantic,Brooklyn Nets,Nets
1198,Antawn,Jamison,Unknown,10,GSW,Golden State,West,Pacific,Golden State Warriors,Warriors
1199,Mike,Bibby,G,15,MEM,Memphis,West,Southwest,Memphis Grizzlies,Grizzlies
1200,Felipe,Lopez,Unknown,15,MEM,Memphis,West,Southwest,Memphis Grizzlies,Grizzlies
1201,J.R.,Henderson,Unknown,15,MEM,Memphis,West,Southwest,Memphis Grizzlies,Grizzlies
1202,Bonzi,Wells,Unknown,25,POR,Portland,West,Northwest,Portland Trail Blazers,Trail Blazers
1203,Damon,Jones,Unknown,3,BKN,Brooklyn,East,Atlantic,Brooklyn Nets,Nets
1204,Charles,R. Jones,Unknown,5,CHI,Chicago,East,Central,Chicago Bulls,Bulls
1205,Ryan,Stack,Unknown,6,CLE,Cleveland,East,Central,Cleveland Cavaliers,Cavaliers
1206,Brian,Skinner,Unknown,13,LAC,LA,West,Pacific,LA Clippers,Clippers
1207,Jonathan,Kerner,Unknown,22,ORL,Orlando,East,Southeast,Orlando Magic,Magic
1208,Korleone,Young,Unknown,9,DET,Detroit,East,Central,Detroit Pistons,Pistons
1209,Trevor,Winter,Unknown,18,MIN,Minnesota,West,Northwest,Minnesota Timberwolves,Timberwolves
1210,Bruno,Sundov,Unknown,7,DAL,Dallas,West,Southwest,Dallas Mavericks,Mavericks
1211,Mirsad,Turkcan,Unknown,20,NYK,New York,East,Atlantic,New York Knicks,Knicks
1212,Alvin,Sims,Unknown,24,PHX,Phoenix,West,Pacific,Phoenix Suns,Suns
1213,Rasho,Nesterovic,Unknown,18,MIN,Minnesota,West,Northwest,Minnesota Timberwolves,Timberwolves
1214,Todd,MacCulloch,Unknown,23,PHI,Philadelphia,East,Atlantic,Philadelphia 76ers,76ers
1215,Jumaine,Jones,Unknown,23,PHI,Philadelphia,East,Atlantic,Philadelphia 76ers,76ers
1216,Lamar,Odom,F,13,LAC,LA,West,Pacific,LA Clippers,Clippers
1217,Obinna,Ekezie,Unknown,15,MEM,Memphis,West,Southwest,Memphis Grizzlies,Grizzlies
1218,Milt,Palacio,Unknown,15,MEM,Memphis,West,Southwest,Memphis Grizzlies,Grizzlies
1219,Devean,George,Unknown,14,LAL,Los Angeles,West,Pacific,Los Angeles Lakers,Lakers
1220,Quincy,Lewis,Unknown,29,UTA,Utah,West,Northwest,Utah Jazz,Jazz
1221,Scott,Padgett,Unknown,29,UTA,Utah,West,Northwest,Utah Jazz,Jazz
1222,Andre,Miller,Unknown,6,CLE,Cleveland,East,Central,Cleveland Cavaliers,Cavaliers
1223,Trajan,Langdon,Unknown,6,CLE,Cleveland,East,Central,Cleveland Cavaliers,Cavaliers
1224,Anthony,Carter,Unknown,16,MIA,Miami,East,Southeast,Miami Heat,Heat
1225,Rodney,Buford,Unknown,16,MIA,Miami,East,Southeast,Miami Heat,Heat
1226,Shawn,Marion,G,24,PHX,Phoenix,West,Pacific,Phoenix Suns,Suns
1227,James,Posey,F,8,DEN,Denver,West,Northwest,Denver Nuggets,Nuggets
1228,Ryan,Bowen,Unknown,8,DEN,Denver,West,Northwest,Denver Nuggets,Nuggets
1229,Adrian,Griffin,F,2,BOS,Boston,East,Atlantic,Boston Celtics,Celtics
1230,Wayne,Turner,Unknown,2,BOS,Boston,East,Atlantic,Boston Celtics,Celtics
1231,Aleksandar,Radojevic,Unknown,28,TOR,Toronto,East,Atlantic,Toronto Raptors,Raptors
1232,Steve,Francis,G,11,HOU,Houston,West,Southwest,Houston Rockets,Rockets
1233,Kenny,Thomas,Unknown,11,HOU,Houston,West,Southwest,Houston Rockets,Rockets
1234,Vonteego,Cummings,G,10,GSW,Golden State,West,Pacific,Golden State Warriors,Warriors
1235,Corey,Maggette,Unknown,22,ORL,Orlando,East,Southeast,Orlando Magic,Magic
1236,Chucky,Atkins,Unknown,22,ORL,Orlando,East,Southeast,Orlando Magic,Magic
1237,Baron,Davis,Unknown,4,CHA,Charlotte,East,Southeast,Charlotte Hornets,Hornets
1238,Jason,Miskiri,Unknown,4,CHA,Charlotte,East,Southeast,Charlotte Hornets,Hornets
1239,Eddie,Robinson,Unknown,4,CHA,Charlotte,East,Southeast,Charlotte Hornets,Hornets
1240,Derek,Hood,Unknown,4,CHA,Charlotte,East,Southeast,Charlotte Hornets,Hornets
1241,Jeff,Foster,Unknown,12,IND,Indiana,East,Central,Indiana Pacers,Pacers
1242,Jason,Terry,Unknown,1,ATL,Atlanta,East,Southeast,Atlanta Hawks,Hawks
1243,Cal,Bowdler,Unknown,1,ATL,Atlanta,East,Southeast,Atlanta Hawks,Hawks
1244,Dion,Glover,Unknown,1,ATL,Atlanta,East,Southeast,Atlanta Hawks,Hawks
1245,Richard,Hamilton,Unknown,30,WAS,Washington,East,Southeast,Washington Wizards,Wizards
1246,Laron,Profit,Unknown,30,WAS,Washington,East,Southeast,Washington Wizards,Wizards
1247,Elton,Brand,F,5,CHI,Chicago,East,Central,Chicago Bulls,Bulls
1248,Michael,Ruffin,Unknown,5,CHI,Chicago,East,Central,Chicago Bulls,Bulls
1249,Metta,World Peace,Unknown,5,CHI,Chicago,East,Central,Chicago Bulls,Bulls
1250,Dedric,Willoughby,Unknown,5,CHI,Chicago,East,Central,Chicago Bulls,Bulls
1251,Wally,Szczerbiak,F,18,MIN,Minnesota,West,Northwest,Minnesota Timberwolves,Timberwolves
1252,William,Avery,Unknown,18,MIN,Minnesota,West,Northwest,Minnesota Timberwolves,Timberwolves
1253,Rick,Hughes,Unknown,7,DAL,Dallas,West,Southwest,Dallas Mavericks,Mavericks
1254,Leon,Smith,Unknown,7,DAL,Dallas,West,Southwest,Dallas Mavericks,Mavericks
1255,Lazaro,Borrell,Unknown,21,OKC,Oklahoma City,West,Northwest,Oklahoma City Thunder,Thunder
1256,Jermaine,Jackson,Unknown,9,DET,Detroit,East,Central,Detroit Pistons,Pistons
1257,Chris,Herren,Unknown,8,DEN,Denver,West,Northwest,Denver Nuggets,Nuggets
1258,John,Celestand,Unknown,14,LAL,Los Angeles,West,Pacific,Los Angeles Lakers,Lakers
1259,Lari,Ketner,Unknown,5,CHI,Chicago,East,Central,Chicago Bulls,Bulls
1260,Tim,Young,Unknown,10,GSW,Golden State,West,Pacific,Golden State Warriors,Warriors
1261,DeMarco,Johnson,Unknown,20,NYK,New York,East,Atlantic,New York Knicks,Knicks
1262,A.J.,Bramlett,Unknown,6,CLE,Cleveland,East,Central,Cleveland Cavaliers,Cavaliers
1263,Harold,Jamison,Unknown,16,MIA,Miami,East,Southeast,Miami Heat,Heat
1264,Jonathan,Bender,Unknown,12,IND,Indiana,East,Central,Indiana Pacers,Pacers
1265,Jamel,Thomas,Unknown,2,BOS,Boston,East,Atlantic,Boston Celtics,Celtics
1266,Evan,Eschmeyer,Unknown,3,BKN,Brooklyn,East,Atlantic,Brooklyn Nets,Nets
1267,Greg,Buckner,Unknown,7,DAL,Dallas,West,Southwest,Dallas Mavericks,Mavericks
1268,Tim,James,Unknown,16,MIA,Miami,East,Southeast,Miami Heat,Heat
1269,Rafer,Alston,Unknown,17,MIL,Milwaukee,East,Central,Milwaukee Bucks,Bucks
1270,Ira,Bowman,Unknown,23,PHI,Philadelphia,East,Atlantic,Philadelphia 76ers,76ers
1271,Derrick,Dial,Unknown,27,SAS,San Antonio,West,Southwest,San Antonio Spurs,Spurs
1272,Calvin,Booth,Unknown,30,WAS,Washington,East,Southeast,Washington Wizards,Wizards
1273,Maceo,Baston,Unknown,17,MIL,Milwaukee,East,Central,Milwaukee Bucks,Bucks
1274,Jamaal,Magloire,Unknown,4,CHA,Charlotte,East,Southeast,Charlotte Hornets,Hornets
1275,Hanno,Mottola,F,1,ATL,Atlanta,East,Southeast,Atlanta Hawks,Hawks
1276,DerMarr,Johnson,Unknown,1,ATL,Atlanta,East,Southeast,Atlanta Hawks,Hawks
1277,Pepe,Sanchez,Unknown,23,PHI,Philadelphia,East,Atlantic,Philadelphia 76ers,76ers
1278,Lavor,Postell,Unknown,20,NYK,New York,East,Atlantic,New York Knicks,Knicks
1279,Chris,Mihm,Unknown,6,CLE,Cleveland,East,Central,Cleveland Cavaliers,Cavaliers
1280,Stephen,Jackson,F,3,BKN,Brooklyn,East,Atlantic,Brooklyn Nets,Nets
1281,Kenyon,Martin,F,3,BKN,Brooklyn,East,Atlantic,Brooklyn Nets,Nets
1282,Soumaila,Samake,Unknown,3,BKN,Brooklyn,East,Atlantic,Brooklyn Nets,Nets
1283,Desmond,Mason,G,21,OKC,Oklahoma City,West,Northwest,Oklahoma City Thunder,Thunder
1284,Ruben,Wolkowyski,Unknown,21,OKC,Oklahoma City,West,Northwest,Oklahoma City Thunder,Thunder
1285,Stromile,Swift,Unknown,15,MEM,Memphis,West,Southwest,Memphis Grizzlies,Grizzlies
1286,Joel,Przybilla,Unknown,17,MIL,Milwaukee,East,Central,Milwaukee Bucks,Bucks
1287,Michael,Redd,Unknown,17,MIL,Milwaukee,East,Central,Milwaukee Bucks,Bucks
1288,Eduardo,Najera,F,7,DAL,Dallas,West,Southwest,Dallas Mavericks,Mavericks
1289,Courtney,Alexander,Unknown,7,DAL,Dallas,West,Southwest,Dallas Mavericks,Mavericks
1290,Hedo,Turkoglu,Unknown,26,SAC,Sacramento,West,Pacific,Sacramento Kings,Kings
1291,Khalid,El-Amin,G,5,CHI,Chicago,East,Central,Chicago Bulls,Bulls
1292,Marcus,Fizer,Unknown,5,CHI,Chicago,East,Central,Chicago Bulls,Bulls
1293,A.J.,Guyton,Unknown,5,CHI,Chicago,East,Central,Chicago Bulls,Bulls
1294,Dragan,Tarlac,Unknown,5,CHI,Chicago,East,Central,Chicago Bulls,Bulls
1295,Darius,Miles,G,13,LAC,LA,West,Pacific,LA Clippers,Clippers
1296,Keyon,Dooling,Unknown,13,LAC,LA,West,Pacific,LA Clippers,Clippers
1297,Quentin,Richardson,Unknown,13,LAC,LA,West,Pacific,LA Clippers,Clippers
1298,DeShawn,Stevenson,Unknown,29,UTA,Utah,West,Northwest,Utah Jazz,Jazz
1299,Mike,Miller,Unknown,22,ORL,Orlando,East,Southeast,Orlando Magic,Magic
1300,Mark,Madsen,Unknown,14,LAL,Los Angeles,West,Pacific,Los Angeles Lakers,Lakers
1301,Erick,Barkley,Unknown,25,POR,Portland,West,Northwest,Portland Trail Blazers,Trail Blazers
1302,Mateen,Cleaves,Unknown,9,DET,Detroit,East,Central,Detroit Pistons,Pistons
1303,Morris,Peterson,Unknown,28,TOR,Toronto,East,Atlantic,Toronto Raptors,Raptors
1304,Jason,Collier,Unknown,11,HOU,Houston,West,Southwest,Houston Rockets,Rockets
1305,Daniel,Santiago,Unknown,24,PHX,Phoenix,West,Pacific,Phoenix Suns,Suns
1306,Paul,McPherson,Unknown,24,PHX,Phoenix,West,Pacific,Phoenix Suns,Suns
1307,Ruben,Garces,Unknown,24,PHX,Phoenix,West,Pacific,Phoenix Suns,Suns
1308,Jake,Tsakalidis,Unknown,24,PHX,Phoenix,West,Pacific,Phoenix Suns,Suns
1309,Marc,Jackson,Unknown,10,GSW,Golden State,West,Pacific,Golden State Warriors,Warriors
1310,Chris,Porter,Unknown,10,GSW,Golden State,West,Pacific,Golden State Warriors,Warriors
1311,Jamal,Robinson,Unknown,16,MIA,Miami,East,Southeast,Miami Heat,Heat
1312,Eddie,House,Unknown,16,MIA,Miami,East,Southeast,Miami Heat,Heat
1313,Jerome,Moiso,Unknown,2,BOS,Boston,East,Atlantic,Boston Celtics,Celtics
1314,Mark,Blount,Unknown,2,BOS,Boston,East,Atlantic,Boston Celtics,Celtics
1315,Dan,Langhi,Unknown,11,HOU,Houston,West,Southwest,Houston Rockets,Rockets
1316,Garth,Joseph,Unknown,28,TOR,Toronto,East,Atlantic,Toronto Raptors,Raptors
1317,Jake,Voskuhl,Unknown,5,CHI,Chicago,East,Central,Chicago Bulls,Bulls
1318,Mike,Penberthy,Unknown,14,LAL,Los Angeles,West,Pacific,Los Angeles Lakers,Lakers
1319,Lee,Nailon,Unknown,4,CHA,Charlotte,East,Southeast,Charlotte Hornets,Hornets
1320,Zendon,Hamilton,Unknown,13,LAC,LA,West,Pacific,LA Clippers,Clippers
1321,Terrance,Roberson,Unknown,4,CHA,Charlotte,East,Southeast,Charlotte Hornets,Hornets
1322,Dalibor,Bagaric,Unknown,5,CHI,Chicago,East,Central,Chicago Bulls,Bulls
1323,Ira,Newble,Unknown,27,SAS,San Antonio,West,Southwest,San Antonio Spurs,Spurs
1324,Donnell,Harvey,Unknown,7,DAL,Dallas,West,Southwest,Dallas Mavericks,Mavericks
1325,Brian,Cardinal,Unknown,9,DET,Detroit,East,Central,Detroit Pistons,Pistons
1326,Slava,Medvedenko,Unknown,14,LAL,Los Angeles,West,Pacific,Los Angeles Lakers,Lakers
1327,Olumide,Oyedeji,Unknown,21,OKC,Oklahoma City,West,Northwest,Oklahoma City Thunder,Thunder
1328,Andy,Panko,Unknown,1,ATL,Atlanta,East,Southeast,Atlanta Hawks,Hawks
1329,Jabari,Smith,Unknown,26,SAC,Sacramento,West,Pacific,Sacramento Kings,Kings
1330,Mamadou,N'diaye,Unknown,28,TOR,Toronto,East,Atlantic,Toronto Raptors,Raptors
1331,Sean,Colson,Unknown,1,ATL,Atlanta,East,Southeast,Atlanta Hawks,Hawks
1332,Art,Long,Unknown,26,SAC,Sacramento,West,Pacific,Sacramento Kings,Kings
1333,Mike,Smith,Unknown,30,WAS,Washington,East,Southeast,Washington Wizards,Wizards
1334,David,Vanterpool,Unknown,30,WAS,Washington,East,Southeast,Washington Wizards,Wizards
1335,Steve,Goodrich,Unknown,5,CHI,Chicago,East,Central,Chicago Bulls,Bulls
1336,Eddie,Gill,Unknown,3,BKN,Brooklyn,East,Atlantic,Brooklyn Nets,Nets
1337,Wang,Zhi-zhi,Unknown,7,DAL,Dallas,West,Southwest,Dallas Mavericks,Mavericks
1338,Dan,McClintock,Unknown,8,DEN,Denver,West,Northwest,Denver Nuggets,Nuggets
1339,Raja,Bell,Unknown,23,PHI,Philadelphia,East,Atlantic,Philadelphia 76ers,76ers
1340,Jason,Hart,Unknown,17,MIL,Milwaukee,East,Central,Milwaukee Bucks,Bucks
1341,Vladimir,Radmanovic,Unknown,21,OKC,Oklahoma City,West,Northwest,Oklahoma City Thunder,Thunder
1342,Earl,Watson,Unknown,21,OKC,Oklahoma City,West,Northwest,Oklahoma City Thunder,Thunder
1343,Gerald,Wallace,Unknown,26,SAC,Sacramento,West,Pacific,Sacramento Kings,Kings
1344,Jamaal,Tinsley,G,12,IND,Indiana,East,Central,Indiana Pacers,Pacers
1345,Primoz,Brezec,Unknown,12,IND,Indiana,East,Central,Indiana Pacers,Pacers
1346,Richard,Jefferson,Unknown,3,BKN,Brooklyn,East,Atlantic,Brooklyn Nets,Nets
1347,Brandon,Armstrong,Unknown,3,BKN,Brooklyn,East,Atlantic,Brooklyn Nets,Nets
1348,Jason,Collins,Unknown,3,BKN,Brooklyn,East,Atlantic,Brooklyn Nets,Nets
1349,Carlos,Arroyo,Unknown,28,TOR,Toronto,East,Atlantic,Toronto Raptors,Raptors
1350,Michael,Bradley,Unknown,28,TOR,Toronto,East,Atlantic,Toronto Raptors,Raptors
1351,Steven,Hunter,Unknown,22,ORL,Orlando,East,Southeast,Orlando Magic,Magic
1352,Andrei,Kirilenko,Unknown,29,UTA,Utah,West,Northwest,Utah Jazz,Jazz
1353,Alton,Ford,Unknown,24,PHX,Phoenix,West,Pacific,Phoenix Suns,Suns
1354,Charlie,Bell,Unknown,24,PHX,Phoenix,West,Pacific,Phoenix Suns,Suns
1355,Speedy,Claxton,G,23,PHI,Philadelphia,East,Atlantic,Philadelphia 76ers,76ers
1356,Damone,Brown,Unknown,23,PHI,Philadelphia,East,Atlantic,Philadelphia 76ers,76ers
1357,Loren,Woods,Unknown,18,MIN,Minnesota,West,Northwest,Minnesota Timberwolves,Timberwolves
1358,Eddie,Griffin,Unknown,11,HOU,Houston,West,Southwest,Houston Rockets,Rockets
1359,Oscar,Torres,Unknown,11,HOU,Houston,West,Southwest,Houston Rockets,Rockets
1360,Tierre,Brown,Unknown,11,HOU,Houston,West,Southwest,Houston Rockets,Rockets
1361,Terence,Morris,Unknown,11,HOU,Houston,West,Southwest,Houston Rockets,Rockets
1362,Zeljko,Rebraca,Unknown,9,DET,Detroit,East,Central,Detroit Pistons,Pistons
1363,Rodney,White,Unknown,9,DET,Detroit,East,Central,Detroit Pistons,Pistons
1365,Joseph,Forte,Unknown,2,BOS,Boston,East,Atlantic,Boston Celtics,Celtics
1366,Kedrick,Brown,Unknown,2,BOS,Boston,East,Atlantic,Boston Celtics,Celtics
1367,DeSagana,Diop,Unknown,6,CLE,Cleveland,East,Central,Cleveland Cavaliers,Cavaliers
1368,Kwame,Brown,Unknown,30,WAS,Washington,East,Southeast,Washington Wizards,Wizards
1369,Bobby,Simmons,Unknown,30,WAS,Washington,East,Southeast,Washington Wizards,Wizards
1370,Etan,Thomas,Unknown,30,WAS,Washington,East,Southeast,Washington Wizards,Wizards
1371,Ruben,Boumtje-Boumtje,Unknown,25,POR,Portland,West,Northwest,Portland Trail Blazers,Trail Blazers
1372,Jason,Richardson,Unknown,10,GSW,Golden State,West,Pacific,Golden State Warriors,Warriors
1373,Troy,Murphy,Unknown,10,GSW,Golden State,West,Pacific,Golden State Warriors,Warriors
1374,Gilbert,Arenas,Unknown,10,GSW,Golden State,West,Pacific,Golden State Warriors,Warriors
1375,Trenton,Hassell,Unknown,5,CHI,Chicago,East,Central,Chicago Bulls,Bulls
1376,Eddy,Curry,Unknown,5,CHI,Chicago,East,Central,Chicago Bulls,Bulls
1377,Tang,Hamilton,Unknown,16,MIA,Miami,East,Southeast,Miami Heat,Heat
1378,Shane,Battier,F,15,MEM,Memphis,West,Southwest,Memphis Grizzlies,Grizzlies
1379,Will,Solomon,Unknown,15,MEM,Memphis,West,Southwest,Memphis Grizzlies,Grizzlies
1380,Antonis,Fotsis,Unknown,15,MEM,Memphis,West,Southwest,Memphis Grizzlies,Grizzlies
1381,Alvin,Jones,Unknown,23,PHI,Philadelphia,East,Atlantic,Philadelphia 76ers,76ers
1382,Jeff,Trepagnier,Unknown,6,CLE,Cleveland,East,Central,Cleveland Cavaliers,Cavaliers
1383,Joe,Crispin,Unknown,14,LAL,Los Angeles,West,Pacific,Los Angeles Lakers,Lakers
1384,Ernest,Brown,Unknown,16,MIA,Miami,East,Southeast,Miami Heat,Heat
1385,Jarron,Collins,Unknown,29,UTA,Utah,West,Northwest,Utah Jazz,Jazz
1386,Jamison,Brewer,Unknown,12,IND,Indiana,East,Central,Indiana Pacers,Pacers
1387,Malik,Allen,Unknown,16,MIA,Miami,East,Southeast,Miami Heat,Heat
1388,Predrag,Drobnjak,Unknown,21,OKC,Oklahoma City,West,Northwest,Oklahoma City Thunder,Thunder
1389,Chris,Andersen,Unknown,8,DEN,Denver,West,Northwest,Denver Nuggets,Nuggets
1390,Kenny,Satterfield,Unknown,8,DEN,Denver,West,Northwest,Denver Nuggets,Nuggets
1391,Brendan,Haywood,Unknown,30,WAS,Washington,East,Southeast,Washington Wizards,Wizards
1392,Kirk,Haston,Unknown,4,CHA,Charlotte,East,Southeast,Charlotte Hornets,Hornets
1393,Samuel,Dalembert,Unknown,23,PHI,Philadelphia,East,Atlantic,Philadelphia 76ers,76ers
1394,Mike,James,Unknown,16,MIA,Miami,East,Southeast,Miami Heat,Heat
1395,Maurice,Evans,Unknown,18,MIN,Minnesota,West,Northwest,Minnesota Timberwolves,Timberwolves
1396,Jeryl,Sasser,Unknown,22,ORL,Orlando,East,Southeast,Orlando Magic,Magic
1397,Dean,Oliver,Unknown,10,GSW,Golden State,West,Pacific,Golden State Warriors,Warriors
1398,Norman,Richardson,Unknown,12,IND,Indiana,East,Central,Indiana Pacers,Pacers
1399,Brian,Scalabrine,Unknown,3,BKN,Brooklyn,East,Atlantic,Brooklyn Nets,Nets
1400,Ratko,Varda,Unknown,9,DET,Detroit,East,Central,Detroit Pistons,Pistons
1401,Tremaine,Fowlkes,Unknown,13,LAC,LA,West,Pacific,LA Clippers,Clippers
1402,Mengke,Bateer,Unknown,8,DEN,Denver,West,Northwest,Denver Nuggets,Nuggets
1403,Ike,Fontaine,Unknown,15,MEM,Memphis,West,Southwest,Memphis Grizzlies,Grizzlies
1404,Ansu,Sesay,Unknown,21,OKC,Oklahoma City,West,Northwest,Oklahoma City Thunder,Thunder
1405,Omar,Cook,Unknown,2,BOS,Boston,East,Atlantic,Boston Celtics,Celtics
1406,John,Salmons,Unknown,23,PHI,Philadelphia,East,Atlantic,Philadelphia 76ers,76ers
1407,Efthimios,Rentzias,Unknown,23,PHI,Philadelphia,East,Atlantic,Philadelphia 76ers,76ers
1408,Pat,Burke,C,22,ORL,Orlando,East,Southeast,Orlando Magic,Magic
1409,Ryan,Humphrey,Unknown,22,ORL,Orlando,East,Southeast,Orlando Magic,Magic
1410,Carlos,Boozer,Unknown,6,CLE,Cleveland,East,Central,Cleveland Cavaliers,Cavaliers
1411,Smush,Parker,Unknown,6,CLE,Cleveland,East,Central,Cleveland Cavaliers,Cavaliers
1412,Manu,Ginobili,Unknown,27,SAS,San Antonio,West,Southwest,San Antonio Spurs,Spurs
1413,Jannero,Pargo,Unknown,14,LAL,Los Angeles,West,Pacific,Los Angeles Lakers,Lakers
1414,Kareem,Rush,Unknown,14,LAL,Los Angeles,West,Pacific,Los Angeles Lakers,Lakers
1415,Frank,Williams,Unknown,20,NYK,New York,East,Atlantic,New York Knicks,Knicks
1416,Tayshaun,Prince,Unknown,9,DET,Detroit,East,Central,Detroit Pistons,Pistons
1417,Mehmet,Okur,Unknown,9,DET,Detroit,East,Central,Detroit Pistons,Pistons
1418,Jared,Jeffries,Unknown,30,WAS,Washington,East,Southeast,Washington Wizards,Wizards
1419,Juan,Dixon,Unknown,30,WAS,Washington,East,Southeast,Washington Wizards,Wizards
1420,Nate,Huffman,Unknown,28,TOR,Toronto,East,Atlantic,Toronto Raptors,Raptors
1421,Chris,Jefferies,Unknown,28,TOR,Toronto,East,Atlantic,Toronto Raptors,Raptors
1422,Chris,Wilcox,Unknown,13,LAC,LA,West,Pacific,LA Clippers,Clippers
1423,Marko,Jaric,Unknown,13,LAC,LA,West,Pacific,LA Clippers,Clippers
1424,Qyntel,Woods,Unknown,25,POR,Portland,West,Northwest,Portland Trail Blazers,Trail Blazers
1425,Jay,Williams,G,5,CHI,Chicago,East,Central,Chicago Bulls,Bulls
1426,Lonny,Baxter,Unknown,5,CHI,Chicago,East,Central,Chicago Bulls,Bulls
1427,J.R.,Bremer,Unknown,2,BOS,Boston,East,Atlantic,Boston Celtics,Celtics
1428,Jiri,Welsch,Unknown,10,GSW,Golden State,West,Pacific,Golden State Warriors,Warriors
1429,Mike,Dunleavy,Unknown,10,GSW,Golden State,West,Pacific,Golden State Warriors,Warriors
1430,Nikoloz,Tskitishvili,Unknown,8,DEN,Denver,West,Northwest,Denver Nuggets,Nuggets
1431,Junior,Harrington,Unknown,8,DEN,Denver,West,Northwest,Denver Nuggets,Nuggets
1432,Igor,Rakocevic,Unknown,18,MIN,Minnesota,West,Northwest,Minnesota Timberwolves,Timberwolves
1433,Amar'e,Stoudemire,Unknown,24,PHX,Phoenix,West,Pacific,Phoenix Suns,Suns
1434,Casey,Jacobsen,Unknown,24,PHX,Phoenix,West,Pacific,Phoenix Suns,Suns
1435,Reggie,Evans,F,21,OKC,Oklahoma City,West,Northwest,Oklahoma City Thunder,Thunder
1436,Dan,Gadzuric,C,17,MIL,Milwaukee,East,Central,Milwaukee Bucks,Bucks
1437,Marcus,Haislip,Unknown,17,MIL,Milwaukee,East,Central,Milwaukee Bucks,Bucks
1438,Flip,Murray,Unknown,17,MIL,Milwaukee,East,Central,Milwaukee Bucks,Bucks
1439,Caron,Butler,F,16,MIA,Miami,East,Southeast,Miami Heat,Heat
1440,Rasual,Butler,Unknown,16,MIA,Miami,East,Southeast,Miami Heat,Heat
1441,Drew,Gooden,F,15,MEM,Memphis,West,Southwest,Memphis Grizzlies,Grizzlies
1442,Gordan,Giricek,Unknown,15,MEM,Memphis,West,Southwest,Memphis Grizzlies,Grizzlies
1443,Mike,Batiste,Unknown,15,MEM,Memphis,West,Southwest,Memphis Grizzlies,Grizzlies
1444,Juaquin,Hawkins,Unknown,11,HOU,Houston,West,Southwest,Houston Rockets,Rockets
1445,Yao,Ming,Unknown,11,HOU,Houston,West,Southwest,Houston Rockets,Rockets
1446,Bostjan,Nachbar,Unknown,11,HOU,Houston,West,Southwest,Houston Rockets,Rockets
1447,Fred,Jones,Unknown,12,IND,Indiana,East,Central,Indiana Pacers,Pacers
1448,Dan,Dickau,Unknown,1,ATL,Atlanta,East,Southeast,Atlanta Hawks,Hawks
